Company_names,Ratings,Reviews_count,Salary_count,Interview_count,Jobs_count,Company_sector,Locations,Benefits_count,Page_num
TCS,3.3,1.1L,9.8L,11.8k,2.2k,IT Services & Consulting,Bangalore / Bengaluru +438 other locations,10.6k,1
Accenture,3.7,71.4k,6.5L,9.2k,40.8k,IT Services & Consulting,Bangalore / Bengaluru +255 other locations,6.7k,1
Wipro,3.6,63.5k,4.8L,6.7k,5.8k,IT Services & Consulting,Hyderabad / Secunderabad +370 other locations,4.6k,1
Cognizant,3.6,59.9k,6L,6.3k,749,IT Services & Consulting,Hyderabad / Secunderabad +230 other locations,5.5k,1
Capgemini,3.7,51.5k,4.8L,5.4k,1.9k,IT Services & Consulting,Bangalore / Bengaluru +183 other locations,3.7k,1
HDFC Bank,3.8,50.7k,1.5L,2.9k,309,Banking,Mumbai +1827 other locations,3.2k,1
Infosys,3.5,47.3k,5.2L,8.3k,2.4k,IT Services & Consulting,Bangalore / Bengaluru +247 other locations,4.8k,1
ICICI Bank,4.0,45.1k,1.5L,2.9k,22,Banking,Mumbai +1438 other locations,3.7k,1
HCLTech,3.4,44.5k,3.8L,4.5k,251,IT Services & Consulting,Chennai +229 other locations,3.8k,1
Tech Mahindra,3.4,42.4k,2.8L,4.5k,531,IT Services & Consulting,Hyderabad / Secunderabad +332 other locations,3.4k,1
Genpact,3.6,40.9k,2.3L,3.8k,1.5k,IT Services & Consulting,Hyderabad / Secunderabad +181 other locations,3.5k,1
Teleperformance,3.8,36.7k,96.3k,2.2k,1.3k,BPO,Mumbai +255 other locations,1.8k,1
Jio,4.4,32.5k,62.1k,4k,3,Telecom,Mumbai +1918 other locations,2.5k,1
Axis Bank,3.6,32.4k,1L,1.9k,202,Banking,Mumbai +1505 other locations,2.1k,1
Concentrix Corporation,3.6,31.4k,1.3L,2k,79,BPO,Bangalore / Bengaluru +176 other locations,3.1k,1
Amazon,3.9,30.7k,1.5L,5.8k,1.8k,Internet,Bangalore / Bengaluru +520 other locations,4.1k,1
iEnergizer,4.6,27.1k,24.1k,1.1k,59,BPO,Noida +51 other locations,430,1
Reliance Retail,3.9,27k,76.7k,1.9k,147,Retail,Mumbai +1156 other locations,1.8k,1
LTIMindtree,3.6,25.8k,1.9L,3.4k,527,IT Services & Consulting,Bangalore / Bengaluru +145 other locations,777,1
IBM,3.9,25.3k,2.1L,2.6k,1.2k,IT Services & Consulting,Bangalore / Bengaluru +160 other locations,2.6k,1
HDB Financial Services,3.9,25.1k,49.8k,1.1k,213,NBFC,Mumbai +1090 other locations,1.5k,2
Larsen & Toubro Limited,3.9,23.3k,74.7k,1.8k,199,Engineering & Construction,Chennai +759 other locations,2.5k,2
Deloitte,3.7,22.4k,2.5L,3.3k,1.6k,Management Consulting,Hyderabad / Secunderabad +187 other locations,2.4k,2
Kotak Mahindra Bank,3.6,21.9k,87.4k,1.4k,117,Banking,Mumbai +684 other locations,1.3k,2
Reliance Industries,4.0,19.8k,73.1k,1.6k,61,Oil & Gas,Jamnagar +814 other locations,1.8k,2
Vodafone Idea,3.9,17.4k,50.1k,673,55,Telecom,Pune +702 other locations,2k,2
Bharti Airtel,3.8,16.8k,48.8k,1.1k,147,Telecom,Gurgaon / Gurugram +790 other locations,1.6k,2
BYJU'S,3.2,16.4k,54.6k,2.1k,--,EdTech,Bangalore / Bengaluru +322 other locations,1.7k,2
WNS,3.3,14.8k,69k,1.2k,113,IT Services & Consulting,Pune +65 other locations,1.3k,2
IDFC FIRST Bank,3.9,14k,49.2k,917,30,Banking,Mumbai +715 other locations,692,2
Tata Motors,4.1,14k,42.8k,1.2k,183,Automobile,Pune +506 other locations,1.6k,2
Ernst & Young,3.4,14k,1.4L,1.3k,2.2k,Management Consulting,Bangalore / Bengaluru +132 other locations,1.2k,2
IndusInd Bank,3.4,13.9k,52.1k,756,122,Banking,Mumbai +791 other locations,793,2
AU Small Finance Bank,3.9,13.8k,28.8k,674,60,Banking,Jaipur +785 other locations,577,2
Bajaj Finserv,3.9,12.7k,30.4k,714,10,NBFC,Pune +1168 other locations,706,2
Flipkart,3.9,12.6k,54.6k,1.6k,173,Internet,Bangalore / Bengaluru +558 other locations,1.4k,2
Muthoot FinCorp,4.5,12.3k,9k,2.2k,53,NBFC,Bangalore / Bengaluru +1098 other locations,275,2
PwC,3.3,12.1k,1.2L,1.5k,984,Management Consulting,Bangalore / Bengaluru +132 other locations,800,2
Mahindra & Mahindra,4.0,11.8k,39.7k,844,1,Automobile,Pune +562 other locations,1.2k,2
Infosys BPM,3.5,11.7k,73.2k,1.1k,73,BPO,Bangalore / Bengaluru +96 other locations,1.1k,2
DXC Technology,3.6,11.7k,72.9k,888,190,IT Services & Consulting,Bangalore / Bengaluru +132 other locations,1.1k,3
HDFC Life,3.9,11.7k,32.9k,776,131,Insurance,Mumbai +701 other locations,614,3
Bandhan Bank,3.7,10.7k,24.7k,733,19,Banking,Kolkata +996 other locations,517,3
Mphasis,3.3,10k,73.4k,917,63,IT Services & Consulting,Bangalore / Bengaluru +63 other locations,846,3
Conneqt Business Solutions,3.5,10k,26.3k,548,344,BPO,Hyderabad / Secunderabad +266 other locations,772,3
Yes Bank,3.6,9.9k,43.3k,545,139,Banking,Mumbai +540 other locations,608,3
Tata Steel,4.0,9.7k,34k,1.1k,--,Iron & Steel,Jamshedpur +229 other locations,659,3
Quess,3.8,9.5k,30.9k,531,27,Recruitment,Bangalore / Bengaluru +742 other locations,440,3
Maruti Suzuki,4.2,9.4k,28.3k,770,724,Automobile,Gurgaon / Gurugram +450 other locations,1.1k,3
Asian Paints,4.0,9.3k,25.4k,838,59,Chemicals,Mumbai +550 other locations,884,3
Startek,3.1,9.3k,24.5k,623,152,BPO,Bangalore / Bengaluru +105 other locations,681,3
UltraTech Cement,4.1,9.2k,23.8k,784,29,Building Material,Mumbai +536 other locations,619,3
Paytm,3.2,9.2k,34k,882,341,FinTech,Noida +417 other locations,582,3
Shriram Finance,4.0,8.9k,15k,440,5,NBFC,Chennai +1108 other locations,21,3
Bajaj Finance,3.9,8.9k,22.4k,427,7.1k,NBFC,Pune +972 other locations,502,3
Sutherland Global Services,3.4,8.8k,34.5k,777,244,BPO,Chennai +82 other locations,901,3
Equitas Small Finance Bank,4.4,8.7k,13.4k,1k,23,Banking,Chennai +480 other locations,397,3
EXL Service,3.6,8.4k,44.2k,893,1.5k,Analytics & KPO,Noida +61 other locations,799,3
Cipla,4.1,8.4k,26.2k,583,60,Pharma,Mumbai +292 other locations,850,3
Ericsson,3.9,8.3k,42.3k,469,27,Telecom,Noida +163 other locations,998,3
Wells Fargo,3.7,8.3k,55.8k,679,94,Financial Services,Bangalore / Bengaluru +27 other locations,855,4
Samsung,3.9,8.2k,26.4k,618,17,Consumer Electronics & Appliances,Noida +582 other locations,520,4
Dr. Reddy's,4.0,8.1k,26.2k,499,16,Pharma,Hyderabad / Secunderabad +215 other locations,740,4
Optum Global Solutions,4.0,7.7k,48.7k,754,144,IT Services & Consulting,Hyderabad / Secunderabad +68 other locations,686,4
Delhivery,3.8,7.6k,21k,602,196,Logistics,Gurgaon / Gurugram +754 other locations,656,4
ICICI Prudential Life Insurance,4.0,7.6k,22.8k,474,804,Insurance,Mumbai +505 other locations,625,4
JPMorgan Chase & Co.,3.8,7.6k,86.4k,859,870,Financial Services,Bangalore / Bengaluru +55 other locations,845,4
JSW Steel,3.9,7.6k,30.5k,794,115,Iron & Steel,Ballari +193 other locations,602,4
HGS,3.7,7.5k,20.9k,273,27,BPO,Bangalore / Bengaluru +121 other locations,968,4
Jana Small Finance Bank,3.8,7.5k,14.3k,305,35,Banking,Bangalore / Bengaluru +417 other locations,623,4
Hexaware Technologies,3.4,7.4k,53.5k,816,726,IT Services & Consulting,Chennai +69 other locations,547,4
Sun Pharmaceutical Industries,4.1,7.4k,23.3k,656,300,Pharma,Vadodara +263 other locations,594,4
Ujjivan Small Finance Bank,4.0,7.4k,13.1k,313,208,Banking,Bangalore / Bengaluru +533 other locations,579,4
Amazon Development Centre India,3.8,7.4k,38.6k,879,8,Internet,Hyderabad / Secunderabad +146 other locations,20,4
Lupin,4.1,7.2k,22.6k,438,42,Pharma,Pune +203 other locations,764,4
L&T Construction,4.0,7.2k,19.4k,943,--,Engineering & Construction,Chennai +432 other locations,929,4
Ekart Logistics,3.9,7.2k,15.9k,406,--,Logistics,Bangalore / Bengaluru +741 other locations,422,4
Zydus Lifesciences,3.9,7.2k,20.1k,420,27,Pharma,Ahmedabad +177 other locations,605,4
Hindustan Unilever,4.2,7.1k,20k,463,40,FMCG,Mumbai +536 other locations,704,4
KPMG India,3.4,7k,65.2k,917,87,Management Consulting,Bangalore / Bengaluru +112 other locations,749,4
ITC,3.9,7k,24.5k,686,71,FMCG,Bangalore / Bengaluru +377 other locations,638,5
Axis Max Life Insurance,4.0,7k,20.1k,400,160,Insurance,New Delhi +498 other locations,495,5
Megha Engineering & Infrastructures,3.9,6.8k,18.7k,563,36,Engineering & Construction,Hyderabad / Secunderabad +406 other locations,539,5
Tata Projects,4.2,6.7k,22.2k,587,20,Engineering & Construction,Mumbai +286 other locations,540,5
Coforge,3.3,6.5k,49k,703,132,IT Services & Consulting,Noida +103 other locations,273,5
Bajaj Life Insurance,3.9,6.4k,17.2k,442,67,Insurance,Pune +610 other locations,474,5
FIS,3.8,6.4k,38.7k,532,126,FinTech,Pune +60 other locations,721,5
L&T Technology Services,3.1,6.4k,42.9k,626,--,IT Services & Consulting,Bangalore / Bengaluru +93 other locations,444,5
Cholamandalam Investment & Finance,3.8,6.4k,12.6k,281,16,Financial Services,Chennai +844 other locations,293,5
Oracle,3.5,6.2k,62.9k,945,812,Software Product,Bangalore / Bengaluru +56 other locations,617,5
IIFL Finance,4.0,6.2k,14.1k,323,70,NBFC,Mumbai +801 other locations,399,5
Muthoot Finance,3.7,6.2k,13k,346,81,NBFC,Bangalore / Bengaluru +784 other locations,325,5
Indian Army,4.7,6.2k,9.6k,202,--,Defence & Aerospace,New Delhi +363 other locations,728,5
Omega Healthcare,3.8,6.2k,26.5k,543,133,BPO,Chennai +69 other locations,391,5
JLL,4.1,6.2k,24.3k,480,352,Real Estate,Gurgaon / Gurugram +84 other locations,539,5
eClerx,3.1,6.1k,32k,629,183,IT Services & Consulting,Pune +32 other locations,555,5
HCL Group,3.5,6.1k,39.8k,514,--,IT Services & Consulting,Chennai +97 other locations,661,5
Piramal Finance,4.2,6k,12.8k,292,6,NBFC,Mumbai +423 other locations,445,5
Virtusa Consulting Services,3.7,5.9k,56.7k,667,987,IT Services & Consulting,Hyderabad / Secunderabad +55 other locations,318,5
DMart,3.9,5.9k,18.6k,544,214,Retail,Mumbai +247 other locations,470,5
Indiamart Intermesh,3.5,5.8k,20.3k,747,526,Internet,Noida +173 other locations,432,6
HSBC Group,3.9,5.8k,43.1k,546,129,Financial Services,Bangalore / Bengaluru +63 other locations,1.1k,6
SMFG India Credit,3.9,5.8k,10.9k,206,87,NBFC,Mumbai +596 other locations,348,6
Aurobindo Pharma,4.0,5.7k,20.7k,287,24,Pharma,Hyderabad / Secunderabad +116 other locations,468,6
Udaan,3.9,5.7k,15.7k,373,8,Internet,Bangalore / Bengaluru +367 other locations,755,6
Access Healthcare,3.7,5.7k,28.6k,393,549,BPO,Chennai +64 other locations,347,6
Siemens,3.9,5.7k,33.8k,504,865,Industrial Automation,Bangalore / Bengaluru +153 other locations,633,6
BigBasket,3.9,5.7k,19.2k,478,90,Internet,Bangalore / Bengaluru +140 other locations,381,6
PolicyBazaar,3.7,5.7k,17.3k,622,440,Internet,Gurgaon / Gurugram +149 other locations,231,6
Manappuram Finance,3.9,5.6k,9.4k,220,4,NBFC,Bangalore / Bengaluru +652 other locations,260,6
ICICI Lombard General Insurance Company,3.5,5.6k,20.1k,354,214,Insurance,Mumbai +313 other locations,366,6
Tata Capital,4.0,5.6k,15.8k,265,3.8k,NBFC,Mumbai +440 other locations,257,6
Firstsource Solutions,3.5,5.6k,24.2k,359,138,BPO,Bangalore / Bengaluru +74 other locations,570,6
GlobalLogic,3.5,5.6k,40.5k,677,43,IT Services & Consulting,Hyderabad / Secunderabad +60 other locations,515,6
Shapoorji Pallonji Group,4.1,5.6k,15.3k,419,85,Engineering & Construction,Mumbai +190 other locations,632,6
Standard Chartered,3.6,5.6k,41.8k,321,--,Banking,Chennai +67 other locations,305,6
Mahindra Finance,3.8,5.5k,12k,216,389,NBFC,Mumbai +731 other locations,507,6
Apollo Hospitals,4.1,5.5k,16.5k,477,135,Healthcare,Chennai +228 other locations,507,6
Bosch Global Software Technologies,3.7,5.5k,40.2k,387,29,IT Services & Consulting,Bangalore / Bengaluru +47 other locations,625,6
UST,3.7,5.5k,39.5k,585,194,IT Services & Consulting,Bangalore / Bengaluru +51 other locations,408,6
Ashok Leyland,4.0,5.5k,18.7k,316,--,Automobile,Chennai +260 other locations,642,7
Swiggy,3.7,5.4k,23k,563,293,Internet,Bangalore / Bengaluru +229 other locations,343,7
Citicorp,3.7,5.4k,52.2k,622,--,Financial Services,Pune +68 other locations,517,7
Hero MotoCorp,4.1,5.3k,15.9k,406,3,Automobile,Gurgaon / Gurugram +365 other locations,584,7
CGI Group,4.0,5.3k,45.6k,556,587,IT Services & Consulting,Bangalore / Bengaluru +43 other locations,354,7
Cyient,3.6,5.2k,27.6k,331,98,IT Services & Consulting,Hyderabad / Secunderabad +48 other locations,466,7
SBI Cards & Payment Services,3.6,5.2k,16.5k,302,72,Financial Services,Gurgaon / Gurugram +438 other locations,344,7
Kalpataru Projects International,4.2,5.1k,13.8k,326,3,Engineering & Construction,Mumbai +320 other locations,203,7
BNY,3.6,5.1k,30.9k,395,2,Financial Services,Pune +25 other locations,528,7
JustDial,3.5,5.1k,15.5k,392,49,Internet,Noida +229 other locations,372,7
IQVIA,3.7,5.1k,30.8k,545,25,Clinical Research,Bangalore / Bengaluru +65 other locations,524,7
NTT DATA,3.8,5k,36.1k,741,227,IT Services & Consulting,Bangalore / Bengaluru +80 other locations,156,7
Nagarjuna Construction Company,4.0,5k,12.2k,435,14,Engineering & Construction,Hyderabad / Secunderabad +296 other locations,408,7
SBI Life Insurance Company,3.7,5k,11.6k,307,16,Insurance,Mumbai +655 other locations,327,7
CBRE,4.1,5k,18.8k,343,24,Real Estate,Hyderabad / Secunderabad +91 other locations,443,7
TVS Motor,3.9,5k,15.9k,395,71,Automobile,Hosur +351 other locations,537,7
Schneider Electric,4.2,5k,24.5k,450,26,Industrial Automation,Bangalore / Bengaluru +119 other locations,436,7
Persistent Systems,3.6,4.9k,44.9k,704,301,IT Services & Consulting,Pune +41 other locations,369,7
State Bank of India,3.8,4.9k,11.5k,308,15,Banking,Mumbai +618 other locations,400,7
vivo,4.1,4.9k,12.9k,235,11,Consumer Electronics & Appliances,Noida +414 other locations,643,7
Atos,3.8,4.9k,34.2k,405,80,IT Services & Consulting,Pune +49 other locations,456,8
Ecom Express,4.0,4.8k,9.7k,263,--,Logistics,Gurgaon / Gurugram +776 other locations,323,8
KEC International,4.0,4.8k,13.3k,417,10,Engineering & Construction,Mumbai +312 other locations,441,8
Eviden,3.6,4.8k,27.8k,316,8,IT Services & Consulting,Pune +39 other locations,1,8
Amdocs,3.6,4.8k,37.2k,559,11,Software Product,Pune +24 other locations,614,8
JBM Group,3.9,4.7k,14k,345,48,Auto Components,Gurgaon / Gurugram +117 other locations,342,8
Varun Beverages,4.0,4.7k,12.2k,345,33,Beverage,New Delhi +379 other locations,321,8
Nagarro,3.9,4.7k,32.6k,829,948,IT Services & Consulting,Gurgaon / Gurugram +49 other locations,1.1k,8
ITC Infotech,3.7,4.7k,29.5k,411,90,IT Services & Consulting,Bangalore / Bengaluru +68 other locations,281,8
Bosch,4.1,4.6k,20.8k,377,--,Auto Components,Bangalore / Bengaluru +132 other locations,599,8
Randstad,3.7,4.6k,16.5k,327,8,Recruitment,Hyderabad / Secunderabad +352 other locations,342,8
Home Credit Finance,4.0,4.5k,9.4k,147,105,NBFC,Gurgaon / Gurugram +136 other locations,629,8
EY Global Delivery Services ( EY GDS),3.5,4.6k,49.2k,878,10,IT Services & Consulting,Bangalore / Bengaluru +56 other locations,146,8
Hewlett Packard Enterprise,4.1,4.5k,27.2k,267,251,IT Services & Consulting,Bangalore / Bengaluru +104 other locations,546,8
Utkarsh Small Finance Bank,3.6,4.5k,10.9k,300,48,Banking,Varanasi +407 other locations,270,8
Mahindra Logistics,3.7,4.5k,13k,251,--,Logistics,Mumbai +234 other locations,445,8
Aditya Birla Fashion and Retail,4.1,4.5k,13.1k,266,77,Fashion & Textile,Bangalore / Bengaluru +291 other locations,391,8
L&T Finance,3.9,4.5k,11.9k,216,--,NBFC,Mumbai +633 other locations,261,8
Dell,3.8,4.5k,28.8k,424,15,Consumer Electronics & Appliances,Bangalore / Bengaluru +117 other locations,540,8
CARS24,3.4,4.5k,15.5k,406,102,Internet,Gurgaon / Gurugram +171 other locations,410,8
Havells,3.9,4.5k,14.8k,289,31,Electrical Equipment,Noida +261 other locations,315,9
OPPO,3.9,4.4k,12k,250,7,Consumer Electronics & Appliances,Greater Noida +410 other locations,602,9
R1 RCM,3.8,4.4k,21.4k,356,191,BPO,New Delhi +46 other locations,334,9
Intas Pharmaceuticals,4.1,4.4k,17.3k,259,58,Pharma,Ahmedabad +148 other locations,362,9
Tata AIA Life Insurance,3.9,4.4k,14.2k,249,547,Insurance,Mumbai +441 other locations,297,9
Hyundai Motor India Limited,4.1,4.4k,13.9k,322,3,Automobile,Chennai +286 other locations,518,9
Deutsche Bank,3.8,4.3k,36.3k,420,414,Banking,Pune +42 other locations,399,9
Hetero,3.9,4.3k,15.1k,303,156,Pharma,Hyderabad / Secunderabad +68 other locations,332,9
Motilal Oswal Financial Services,3.7,4.3k,13k,541,47,Financial Services,Mumbai +168 other locations,167,9
Berger Paints,3.7,4.3k,10k,425,124,Chemicals,Kolkata +354 other locations,273,9
Team Lease,3.9,4.3k,16.1k,248,2,Recruitment,Bangalore / Bengaluru +400 other locations,215,9
VE Commercial Vehicles,3.9,4.2k,14k,283,5,Automobile,Indore +179 other locations,340,9
Lenskart,3.3,4.2k,13k,444,132,Internet,New Delhi +239 other locations,199,9
Thermax Limited,4.2,4.2k,13.1k,337,83,Industrial Machinery,Pune +252 other locations,371,9
Bajaj Auto,3.8,4.1k,14.5k,323,--,Automobile,Pune +319 other locations,496,9
Macleods Pharmaceuticals,3.7,4.1k,15.6k,268,6,Pharma,Mumbai +134 other locations,334,9
Kogta Financial India Limited,4.7,4.1k,1.8k,246,116,NBFC,Jaipur +259 other locations,31,9
Aakash Educational Services,3.2,4.1k,13.9k,367,62,Education & Training,New Delhi +244 other locations,212,9
Jubilant Foods Works,3.7,4.1k,9.3k,250,200,Hospitality,New Delhi +261 other locations,180,9
LG Electronics,3.9,4.1k,11k,260,--,Consumer Electronics & Appliances,Pune +298 other locations,399,9
Hindalco Industries,4.2,4k,12.6k,302,11,Metals & Mining,Sambalpur +128 other locations,327,10
Royal Enfield,4.2,4k,14.9k,202,15,Automobile,Chennai +373 other locations,396,10
Jindal Steel Limited,3.9,4k,15.6k,415,33,Iron & Steel,Angul +175 other locations,328,10
Tata Communications,3.9,4k,23.6k,300,281,Telecom,Pune +102 other locations,426,10
DCB Bank,3.8,4k,9.3k,227,13,Banking,Mumbai +342 other locations,248,10
John Deere,4.0,4k,15.3k,267,2,Industrial Machinery,Pune +155 other locations,417,10
State Street Corporation,3.5,4k,31.5k,287,6,Financial Services,Bangalore / Bengaluru +35 other locations,261,10
HDFC Ergo General Insurance,4.0,4k,12.1k,197,12,Insurance,Mumbai +327 other locations,273,10
RBL Bank,3.5,3.9k,18.3k,239,52,Banking,Mumbai +286 other locations,221,10
Cummins,4.3,3.9k,15.6k,283,4,Industrial Machinery,Pune +115 other locations,458,10
Oyo Rooms,3.1,3.9k,14.4k,254,132,Internet,Gurgaon / Gurugram +122 other locations,389,10
Alembic Pharmaceuticals,3.9,3.8k,15.4k,253,69,Pharma,Vadodara +186 other locations,378,10
Pidilite Industries,4.2,3.8k,11.5k,257,3,Chemicals,Mumbai +315 other locations,359,10
Bank of America,4.1,3.8k,28.3k,288,--,Banking,Gurgaon / Gurugram +35 other locations,413,10
Reliance Communications,4.0,3.8k,9.6k,106,--,Telecom,Mumbai +468 other locations,375,10
Publicis Sapient,3.4,3.8k,30.9k,690,272,IT Services & Consulting,Bangalore / Bengaluru +46 other locations,391,10
Carelon Global Solutions,3.9,3.8k,26.6k,410,29,IT Services & Consulting,Bangalore / Bengaluru +21 other locations,7,10
Subros,3.8,3.8k,12.6k,217,1,Auto Components,Noida +89 other locations,379,10
American Express,4.1,3.8k,24.8k,423,126,Financial Services,Gurgaon / Gurugram +53 other locations,435,10
Viatris,4.1,3.8k,14.2k,164,3,Pharma,Hyderabad / Secunderabad +80 other locations,500,10
XpressBees,4.2,3.8k,8.3k,442,12,Logistics,Pune +476 other locations,176,11
PVR INOX,3.9,3.8k,9.4k,214,25,Media & Entertainment,New Delhi +149 other locations,242,11
Aditya Birla Sun Life Insurance,4.0,3.7k,10.2k,178,--,Insurance,Mumbai +487 other locations,214,11
Automatic Data Processing (ADP),3.9,3.7k,21.9k,290,35,Software Product,Hyderabad / Secunderabad +40 other locations,457,11
PNB MetLife,3.4,3.7k,8.1k,192,13,Insurance,New Delhi +426 other locations,217,11
Grasim Industries,4.0,3.7k,12.6k,272,2,Building Material,Bharuch +243 other locations,267,11
Kyndryl,3.9,3.7k,26.1k,224,59,IT Services & Consulting,Bangalore / Bengaluru +37 other locations,163,11
Aditya Birla Capital,3.8,3.7k,14.2k,255,3,NBFC,Mumbai +340 other locations,211,11
Escorts Kubota Limited,4.1,3.7k,13.3k,296,4,Automobile,Faridabad +155 other locations,255,11
Altruist Technologies,4.4,3.7k,8.3k,689,10,BPO,Bangalore / Bengaluru +44 other locations,83,11
Maersk,4.0,3.7k,19k,247,47,Logistics,Chennai +49 other locations,421,11
Synechron,3.4,3.6k,28.1k,405,89,IT Services & Consulting,Pune +32 other locations,238,11
Birlasoft,3.5,3.6k,29.7k,315,455,IT Services & Consulting,Pune +50 other locations,235,11
KPIT Technologies,3.0,3.6k,23.1k,343,37,Software Product,Pune +44 other locations,289,11
Glenmark Pharmaceuticals,3.8,3.6k,12.1k,178,136,Pharma,Mumbai +185 other locations,317,11
Sodexo,4.0,3.6k,9.7k,201,1.1k,Facility Management Services,Mumbai +157 other locations,364,11
Kotak Mahindara Life Insurance,3.5,3.6k,12.8k,259,163,Insurance,Mumbai +256 other locations,256,11
JK Cement,4.0,3.6k,9.9k,332,1,Building Material,New Delhi +329 other locations,257,11
Dabur,3.8,3.6k,8.8k,329,13,FMCG,New Delhi +320 other locations,276,11
Bharat Electronics,4.2,3.6k,12.5k,245,--,Electronics Manufacturing,Bangalore / Bengaluru +87 other locations,312,11
Godrej & Boyce Manufacturing,3.9,3.6k,15.1k,225,81,Consumer Electronics & Appliances,Mumbai +164 other locations,412,12
Samvardhana Motherson Group,3.7,3.6k,12.1k,257,14,Auto Components,Noida +94 other locations,403,12
Cogent E Services,3.2,3.6k,10.4k,293,2,BPO,Noida +55 other locations,220,12
Abbott,4.1,3.6k,11.9k,181,233,Pharma,Mumbai +214 other locations,361,12
Ipca Laboratories,3.8,3.5k,11.5k,204,47,Pharma,Mumbai +160 other locations,245,12
Aarti Industries,4.1,3.5k,14.4k,328,16,Agro Chemicals,Bharuch +58 other locations,351,12
Reliance Projects & Property Management Services,4.0,3.5k,7.1k,210,--,Other,Kolkata +619 other locations,20,12
Indian Oil Corporation,4.3,3.5k,7.7k,234,--,Oil & Gas,New Delhi +310 other locations,291,12
Cloudnine Hospital,4.4,3.5k,2.9k,1.1k,4,Healthcare,Bangalore / Bengaluru +46 other locations,78,12
Reliance Digital,4.1,3.5k,8k,168,2,Retail,Mumbai +378 other locations,241,12
MRF Tyres,3.6,3.5k,12.6k,370,20,Auto Components,Chennai +193 other locations,345,12
PhonePe,4.1,3.5k,12.9k,413,62,FinTech,Bangalore / Bengaluru +394 other locations,183,12
Alkem Laboratories,3.9,3.5k,9.8k,195,10,Pharma,Mumbai +197 other locations,328,12
Johnson Controls,3.5,3.5k,17.4k,301,5,Industrial Automation,Pune +57 other locations,266,12
"NTT DATA, Inc.",3.9,3.5k,21.2k,152,90,IT Services & Consulting,Bangalore / Bengaluru +36 other locations,624,12
IGT Solutions,3.2,3.5k,13.6k,253,90,BPO,New Delhi +47 other locations,213,12
Honda Motorcycle & Scooter,4.1,3.4k,11.1k,202,--,Automobile,Gurgaon / Gurugram +298 other locations,348,12
UNO Minda,3.9,3.4k,11.2k,254,19,Auto Components,Pune +109 other locations,279,12
ArcelorMittal Nippon Steel,4.1,3.4k,11.8k,270,7,Iron & Steel,Surat +86 other locations,111,12
Vishal Mega Mart,3.8,3.4k,6.3k,206,4,Retail,New Delhi +377 other locations,273,12
[24]7.ai,3.4,3.4k,11.5k,183,68,Software Product,Bangalore / Bengaluru +36 other locations,406,13
Hindustan Coca Cola Beverages,4.0,3.4k,7.6k,177,48,Beverage,Bangalore / Bengaluru +261 other locations,377,13
UBS,3.8,3.4k,31.4k,370,2,Financial Services,Pune +19 other locations,117,13
DTDC Express,3.7,3.3k,8.6k,194,21,Logistics,New Delhi +271 other locations,263,13
Reliance Nippon Life Insurance,3.4,3.3k,8.4k,168,3,Insurance,Mumbai +484 other locations,229,13
Blinkit,3.8,3.3k,12.5k,329,--,Internet,Gurgaon / Gurugram +145 other locations,202,13
Ford Motor,4.2,3.3k,15.2k,174,1,Automobile,Chennai +131 other locations,397,13
Bajaj General Insurance Limited,3.7,3.3k,11k,138,71,Insurance,Pune +303 other locations,236,13
Ceat Tyres,3.9,3.3k,12.9k,210,5,Auto Components,Nagpur +141 other locations,346,13
ABB,4.1,3.3k,17.8k,286,--,Industrial Machinery,Bangalore / Bengaluru +107 other locations,346,13
HARMAN,3.8,3.3k,24.1k,291,129,Consumer Electronics & Appliances,Bangalore / Bengaluru +42 other locations,100,13
RSPL Group,4.1,3.3k,9.6k,256,31,FMCG,Kanpur +255 other locations,293,13
Barclays,3.7,3.3k,31.5k,313,--,Banking,Pune +36 other locations,253,13
AGS Health,4.0,3.3k,14.2k,210,27,Analytics & KPO,Chennai +63 other locations,272,13
NatWest Group,4.0,3.3k,20.9k,234,30,Banking,Gurgaon / Gurugram +28 other locations,362,13
TVS Credit Services Ltd,4.2,3.2k,7.5k,156,30,NBFC,Chennai +426 other locations,194,13
Niva Bupa Health Insurance Company,4.1,3.2k,8.2k,376,101,Insurance,New Delhi +319 other locations,119,13
InterGlobe Aviation,3.5,3.2k,13.5k,368,83,Aviation,New Delhi +104 other locations,315,13
Indian Air Force,4.5,3.2k,5.3k,81,--,Defence & Aerospace,New Delhi +134 other locations,354,13
Croma,3.8,3.2k,9.1k,184,30,Retail,Mumbai +192 other locations,186,13
Alstom Transportation,3.7,3.2k,14.9k,276,398,Engineering & Construction,Bangalore / Bengaluru +80 other locations,174,14
Conduent,3.4,3.2k,16.8k,231,393,BPO,Bangalore / Bengaluru +35 other locations,366,14
Tata Technologies,3.4,3.2k,22.7k,306,106,Engineering & Construction,Pune +55 other locations,308,14
Tata AIG,4.0,3.2k,11.5k,191,93,Insurance,Mumbai +260 other locations,245,14
GeBBS Healthcare Solutions,3.7,3.2k,11.3k,180,78,BPO,Mumbai +24 other locations,291,14
Allcargo Logistics,3.8,3.2k,6.9k,138,21,Logistics,Mumbai +175 other locations,335,14
Marpu Foundation,4.9,3.1k,60,265,--,Non-Profit,Hyderabad / Secunderabad +61 other locations,8,14
UPL,4.1,3.1k,11.2k,217,45,Agro Chemicals,Ankleshwar +186 other locations,293,14
Max Healthcare,3.9,3.1k,10.4k,186,107,Healthcare,New Delhi +79 other locations,276,14
PepsiCo,4.0,3.1k,13.4k,235,305,Food Processing,Hyderabad / Secunderabad +276 other locations,244,14
Titan Company,4.2,3.1k,9.5k,201,80,Retail,Bangalore / Bengaluru +184 other locations,332,14
Amazon Transportation Services,4.2,3.1k,8.3k,254,1,Logistics,Hyderabad / Secunderabad +227 other locations,246,14
Dilip Buildcon,3.9,3.1k,8k,186,19,Engineering & Construction,Bhopal +227 other locations,298,14
Walmart,3.5,3.1k,22.3k,437,207,Retail,Bangalore / Bengaluru +92 other locations,320,14
Mankind Pharma,3.8,3.1k,9.3k,253,11,Pharma,New Delhi +246 other locations,246,14
Varroc Group,3.6,3.1k,9.5k,219,56,Auto Components,Pune +62 other locations,230,14
Jindal Stainless,4.2,3k,11.3k,311,7,Iron & Steel,Jajpur +78 other locations,186,14
Future Group,4.2,3k,6.8k,84,--,Retail,Mumbai +207 other locations,423,14
S&P Global,4.0,3k,20.3k,326,242,Analytics & KPO,Hyderabad / Secunderabad +47 other locations,212,14
MSN Laboratories,3.6,3k,9.4k,171,36,Pharma,Hyderabad / Secunderabad +105 other locations,155,14
Afcons Infrastructure,4.2,3k,8.6k,266,33,Engineering & Construction,Mumbai +121 other locations,309,15
Societe Generale Global Solution Centre,3.6,3k,22.9k,294,126,IT Services & Consulting,Bangalore / Bengaluru +24 other locations,293,15
Torrent Pharmaceuticals,4.0,3k,10.2k,167,25,Pharma,Ahmedabad +130 other locations,310,15
Quest Global,3.5,3k,21.2k,359,150,IT Services & Consulting,Bangalore / Bengaluru +49 other locations,190,15
Square Yards,3.6,3k,9.2k,226,61,Internet,Gurgaon / Gurugram +51 other locations,232,15
IDFC FIRST Bharat,4.2,3k,4.9k,151,1,Financial Services,Chennai +424 other locations,71,15
ACC,3.9,2.9k,9.3k,233,2,Building Material,Mumbai +274 other locations,271,15
CMS IT Services,3.1,2.9k,9.4k,157,34,IT Services & Consulting,Mumbai +152 other locations,193,15
HDFC Sales,3.9,2.9k,8.3k,189,11,Financial Services,Mumbai +346 other locations,190,15
I Process Services,3.8,2.9k,5.5k,132,1,Recruitment,Mumbai +404 other locations,127,15
Zensar Technologies,3.7,2.9k,25.6k,277,306,IT Services & Consulting,Pune +28 other locations,243,15
ESAF Small Finance Bank,3.6,2.9k,7.7k,167,37,Banking,Thrissur +440 other locations,104,15
DS Group,4.1,2.9k,7.8k,214,46,FMCG,Noida +279 other locations,207,15
Suzlon Group,4.0,2.9k,7.8k,171,27,Power,Pune +142 other locations,322,15
Sagility,3.9,2.9k,11.5k,242,89,BPO,Bangalore / Bengaluru +27 other locations,36,15
Ola Electric Mobility,3.3,2.9k,9.2k,296,--,Automobile,Bangalore / Bengaluru +423 other locations,76,15
Tata Elxsi,3.5,2.9k,22.8k,340,42,IT Services & Consulting,Bangalore / Bengaluru +30 other locations,202,15
Eternal Limited,3.7,2.9k,14.6k,361,12,Internet,Gurgaon / Gurugram +219 other locations,218,15
Shoppers Stop,4.0,2.9k,6.9k,141,41,Retail,Mumbai +82 other locations,320,15
Fujitsu,3.8,2.9k,17.3k,213,115,IT Services & Consulting,Pune +41 other locations,190,15
VVDN Technologies,3.6,2.9k,13.6k,255,8,IT Services & Consulting,Gurgaon / Gurugram +49 other locations,127,16
Bharat Financial Inclusion,3.7,2.9k,5.2k,122,1,Financial Services,Hyderabad / Secunderabad +497 other locations,174,16
Indus Towers,3.6,2.9k,9.1k,223,27,Telecom,Gurgaon / Gurugram +240 other locations,202,16
Nokia,4.0,2.8k,16.3k,313,162,Telecom,Bangalore / Bengaluru +166 other locations,537,16
Apollo Tyres,4.0,2.8k,9.9k,149,--,Auto Components,Chennai +180 other locations,320,16
Yazaki,3.9,2.8k,9k,180,2,Auto Components,Pune +93 other locations,253,16
IKS Health,3.6,2.8k,11.3k,261,28,Healthcare,Mumbai +31 other locations,225,16
Fiserv,2.9,2.8k,17.7k,193,5,FinTech,Pune +32 other locations,311,16
UnitedHealth,4.0,2.8k,14.5k,84,--,Healthcare,Hyderabad / Secunderabad +17 other locations,432,16
Shree Cement,3.8,2.8k,9.7k,212,8,Building Material,Beawar +254 other locations,214,16
Landmark Group,3.8,2.7k,9.2k,175,9,Retail,Bangalore / Bengaluru +174 other locations,267,16
Britannia,4.0,2.7k,8.1k,224,3,FMCG,Pune +302 other locations,245,16
SRF,4.1,2.7k,8.9k,208,11,Chemicals,Bharuch +68 other locations,250,16
Dalmia Bharat Cement,3.9,2.7k,4.5k,197,3,Building Material,Guwahati +252 other locations,243,16
Blue Dart Express Ltd,3.9,2.7k,6.8k,127,4,Logistics,Mumbai +279 other locations,233,16
Kansai Nerolac Paints,3.8,2.7k,7.7k,190,69,Chemicals,Mumbai +253 other locations,189,16
Exide Industries,3.4,2.7k,8.7k,212,51,Auto Components,Kolkata +200 other locations,242,16
Zepto,3.5,2.7k,9.1k,442,28,Internet,Bangalore / Bengaluru +101 other locations,28,16
Shell,3.9,2.7k,13.9k,232,19,Oil & Gas,Bangalore / Bengaluru +91 other locations,257,16
Nestlé,3.8,2.7k,9.5k,279,21,FMCG,Gurgaon / Gurugram +279 other locations,319,16
Whitehat jr,3.3,2.7k,9.4k,265,--,EdTech,Mumbai +48 other locations,944,17
KPMG Global Services,3.4,2.7k,23.9k,254,13,Management Consulting,Bangalore / Bengaluru +37 other locations,6,17
Flex,3.9,2.7k,15.8k,212,60,Electronics Manufacturing,Chennai +46 other locations,439,17
Micro Labs,3.6,2.6k,9.8k,152,13,Pharma,Bangalore / Bengaluru +151 other locations,205,17
Tata Electronics,3.9,2.6k,10.9k,255,18,Semiconductors,Hosur +50 other locations,61,17
Capita,3.5,2.6k,12.9k,165,45,BPO,Pune +31 other locations,330,17
TVS Supply Chain Solutions,3.8,2.6k,8.4k,156,9,Logistics,Chennai +153 other locations,190,17
Star Health & Allied Insurance,3.5,2.6k,9.9k,155,16,Insurance,Chennai +328 other locations,164,17
ZS,3.1,2.6k,20.1k,516,129,Management Consulting,Pune +17 other locations,261,17
KFintech,3.4,2.6k,11.1k,170,13,Financial Services,Hyderabad / Secunderabad +113 other locations,47,17
ElasticRun,3.6,2.6k,6.1k,273,3,Logistics,Pune +383 other locations,224,17
G4S,4.0,2.6k,5.1k,128,640,Law Enforcement & Security,Gurgaon / Gurugram +163 other locations,235,17
Voltas,4.0,2.6k,8.6k,174,16,Consumer Electronics & Appliances,Mumbai +206 other locations,257,17
Sonalika Tractors,3.6,2.6k,8.9k,170,--,Automobile,Hoshiarpur +194 other locations,173,17
Ajanta Pharma,3.9,2.6k,8.9k,163,40,Pharma,Mumbai +118 other locations,214,17
BlackBuck,3.7,2.6k,6.3k,213,17,Internet,Bangalore / Bengaluru +365 other locations,245,17
Care Health Insurance,3.6,2.6k,8.6k,159,47,Insurance,Gurgaon / Gurugram +244 other locations,166,17
Blue Star,4.1,2.6k,9.8k,195,11,Consumer Electronics & Appliances,Mumbai +146 other locations,237,17
Exl India,3.6,2.6k,15.1k,129,1,Logistics,New Delhi +43 other locations,163,17
Domino's Pizza,3.9,2.6k,4.1k,123,--,Hospitality,New Delhi +246 other locations,392,17
Movate,3.2,2.6k,14.9k,291,94,IT Services & Consulting,Chennai +38 other locations,2,18
Fortis Healthcare,4.0,2.5k,7.5k,188,717,Healthcare,New Delhi +69 other locations,139,18
Adani Power,3.7,2.5k,9.7k,304,--,Power,Mundra +127 other locations,162,18
NoBroker,3.0,2.5k,10.7k,280,312,Internet,Bangalore / Bengaluru +47 other locations,352,18
ACT Fibernet,3.9,2.5k,7.7k,159,116,Telecom,Hyderabad / Secunderabad +57 other locations,255,18
Gallagher,3.7,2.5k,13.9k,268,145,Insurance,Bangalore / Bengaluru +29 other locations,120,18
Sahrudaya Healthcare (Medicover Hospitals),4.4,2.5k,3.4k,144,16,Healthcare,Hyderabad / Secunderabad +45 other locations,36,18
DBS Bank,3.7,2.5k,12.9k,194,221,Banking,Hyderabad / Secunderabad +177 other locations,192,18
Bajaj Electricals,3.9,2.5k,7.4k,150,24,Consumer Electronics & Appliances,Mumbai +233 other locations,289,18
Sterlite Technologies,3.8,2.5k,10.1k,181,114,Hardware & Networking,Aurangabad +101 other locations,208,18
Foundever,3.4,2.5k,8.6k,179,84,BPO,Hyderabad / Secunderabad +22 other locations,199,18
V-Mart,4.1,2.5k,4.4k,192,18,Retail,Gurgaon / Gurugram +284 other locations,210,18
Sammaan Capital Limited,3.8,2.5k,5.8k,112,2,NBFC,Gurgaon / Gurugram +200 other locations,118,18
Alldigi Tech,3.9,2.5k,7.6k,231,15,BPO,Chennai +36 other locations,112,18
Tata Advanced Systems,3.7,2.5k,12.6k,185,--,Defence & Aerospace,Bangalore / Bengaluru +56 other locations,132,18
Himalaya Wellness,4.0,2.5k,5.9k,147,16,Pharma,Bangalore / Bengaluru +237 other locations,255,18
Tractors and Farm Equipment,3.9,2.5k,8.3k,133,14,Industrial Machinery,Chennai +192 other locations,275,18
Physicswallah,3.6,2.5k,8.1k,270,94,EdTech,Noida +123 other locations,20,18
BT Group,3.8,2.5k,11.5k,225,5,Telecom,Gurgaon / Gurugram +23 other locations,264,18
Foxconn,3.9,2.5k,10.3k,225,18,Electronics Manufacturing,Chennai +61 other locations,170,18
Parle Agro,3.9,2.5k,6.6k,143,3,Beverage,Mumbai +255 other locations,212,19
IntouchCX,2.7,2.5k,9.9k,239,188,BPO,Hyderabad / Secunderabad +22 other locations,146,19
Northern Trust Operating Services,3.6,2.5k,17.1k,241,31,Financial Services,Bangalore / Bengaluru +27 other locations,225,19
JCB,3.9,2.5k,9.5k,165,--,Industrial Machinery,Pune +113 other locations,233,19
Photon Interactive,4.1,2.4k,7.3k,130,865,IT Services & Consulting,Chennai +18 other locations,123,19
Laurus Labs,4.3,2.4k,7.1k,153,7,Pharma,Visakhapatnam +33 other locations,204,19
Patanjali Ayurved,3.9,2.4k,5.8k,135,--,FMCG,Haridwar +301 other locations,248,19
McDonald's,3.8,2.4k,5k,154,--,Hospitality,New Delhi +149 other locations,410,19
Paras Hospital,4.1,2.4k,3.1k,99,63,Healthcare,Patna +62 other locations,126,19
Statestreet HCL Services,3.4,2.4k,13.6k,219,--,BPO,Chennai +18 other locations,201,19
Planet Spark,3.9,2.4k,3.4k,589,67,EdTech,Gurgaon / Gurugram +61 other locations,191,19
ICICI Securities,3.9,2.4k,9.7k,195,1,Financial Services,Mumbai +148 other locations,184,19
Canara HSBC Life Insurance,3.6,2.4k,6.2k,132,5,Insurance,Gurgaon / Gurugram +313 other locations,168,19
Emcure Pharmaceuticals,3.6,2.4k,8.3k,125,35,Pharma,Pune +115 other locations,233,19
Mahindra Holidays & Resorts,3.5,2.4k,5.8k,127,60,Hospitality,Mumbai +113 other locations,202,19
Mahindra Rural Housing Finance,4.0,2.4k,4.8k,103,9,NBFC,Mumbai +463 other locations,180,19
Biocon Limited,4.0,2.4k,11.7k,185,13,Biotechnology,Bangalore / Bengaluru +65 other locations,2,19
Intellect Design Arena,3.6,2.4k,13.5k,181,22,Software Product,Chennai +40 other locations,118,19
Datamatics Global Services,3.4,2.4k,11.7k,180,51,IT Services & Consulting,Mumbai +37 other locations,183,19
Hero FinCorp,3.9,2.4k,5.7k,120,52,NBFC,New Delhi +389 other locations,129,19
Axis Direct,3.6,2.4k,4.7k,87,42,Financial Services,Mumbai +270 other locations,226,20
Taj Hotels Resorts and Palaces,4.2,2.4k,4.8k,157,177,Hospitality,Mumbai +109 other locations,178,20
Capgemini Engineering,3.4,2.3k,14.5k,396,--,IT Services & Consulting,Bangalore / Bengaluru +27 other locations,139,20
Adani Group,3.8,2.3k,11k,286,1.1k,Power,Ahmedabad +192 other locations,101,20
CorroHealth infotech,3.6,2.3k,7.3k,277,89,Analytics & KPO,Hyderabad / Secunderabad +35 other locations,9,20
Cholamandalam MS General Insurance,3.7,2.3k,5.9k,115,--,Insurance,Chennai +386 other locations,166,20
3i Infotech,3.4,2.3k,10.6k,164,105,IT Services & Consulting,Mumbai +128 other locations,149,20
Info Edge,3.9,2.3k,11.3k,377,343,Internet,Noida +69 other locations,298,20
Aditya Birla Group,4.1,2.3k,10k,242,--,Metals & Mining,Mumbai +266 other locations,248,20
Cadila Pharmaceuticals,3.3,2.3k,7.8k,155,76,Pharma,Ahmedabad +133 other locations,167,20
Syngene International,3.8,2.3k,12.7k,191,--,Clinical Research,Bangalore / Bengaluru +21 other locations,216,20
KocharTech,3.6,2.3k,3.8k,79,34,IT Services & Consulting,Kolkata +25 other locations,582,20
Bureau Veritas,3.8,2.3k,8.1k,143,18,Other,Mumbai +145 other locations,176,20
Cybage,3.8,2.3k,17.2k,212,38,IT Services & Consulting,Pune +15 other locations,268,20
Delhi Public School,3.8,2.3k,5.2k,155,183,Education & Training,New Delhi +273 other locations,258,20
Aavas Financiers,4.0,2.3k,5.5k,119,32,NBFC,Jaipur +292 other locations,138,20
Xoriant,4.1,2.3k,11.6k,233,58,IT Services & Consulting,Pune +23 other locations,413,20
Lifestyle,4.2,2.3k,6.8k,83,17,Retail,Bangalore / Bengaluru +129 other locations,278,20
RMSI,3.6,2.3k,8.6k,192,11,IT Services & Consulting,Hyderabad / Secunderabad +25 other locations,184,20
Akums Drugs & Pharmaceuticals Limited,4.2,2.3k,6.2k,327,13,Pharma,Haridwar +39 other locations,147,20
Straive,3.3,2.3k,10k,221,103,IT Services & Consulting,Chennai +31 other locations,122,21
Sopra Steria,3.9,2.3k,13.9k,184,80,IT Services & Consulting,Noida +20 other locations,240,21
Eureka Forbes,3.6,2.3k,5.6k,91,5,Consumer Electronics & Appliances,Mumbai +184 other locations,227,21
Kia India,4.0,2.3k,8.2k,176,86,Automobile,Anantapur +187 other locations,166,21
GVK Emergency Management and Research Institute,3.6,2.3k,4.6k,117,43,Non-Profit,Lucknow +212 other locations,176,21
TaskUs,3.1,2.3k,9.1k,220,258,BPO,Indore +35 other locations,118,21
Sobha,3.8,2.2k,8.3k,164,49,Real Estate,Bangalore / Bengaluru +37 other locations,220,21
Unacademy,2.9,2.2k,10.3k,237,38,EdTech,Bangalore / Bengaluru +72 other locations,153,21
Radisson Hotels,4.0,2.2k,5.1k,100,64,Hospitality,New Delhi +127 other locations,312,21
Apollo Pharmacy,3.7,2.2k,6.9k,182,1k,Pharma,Hyderabad / Secunderabad +280 other locations,128,21
Myntra,3.9,2.2k,10.4k,315,41,Internet,Bangalore / Bengaluru +103 other locations,305,21
Lodha,4.1,2.2k,8.6k,170,220,Real Estate,Mumbai +30 other locations,173,21
Endurance Technologies Limited,3.9,2.2k,7.8k,134,21,Auto Components,Aurangabad +50 other locations,230,21
Team Computers,3.6,2.2k,8.4k,199,154,IT Services & Consulting,New Delhi +103 other locations,115,21
SBI Securities,3.6,2.2k,6.8k,182,30,Financial Services,Mumbai +314 other locations,105,21
Panasonic Life Solutions India,3.9,2.2k,6.8k,96,13,Consumer Electronics & Appliances,Haridwar +169 other locations,105,21
Lava International,3.9,2.2k,4.4k,87,1,Consumer Electronics & Appliances,Noida +222 other locations,302,21
TCE,3.8,2.2k,9.3k,291,23,Engineering & Construction,Mumbai +132 other locations,165,21
Adani Wilmar,4.0,2.2k,6.8k,131,93,FMCG,Ahmedabad +198 other locations,171,21
Whirlpool,4.0,2.2k,7.9k,118,19,Consumer Electronics & Appliances,Pune +176 other locations,202,21
Indian Railways,4.2,2.2k,3.4k,113,--,Railways,Kolkata +248 other locations,159,22
Star Union Dai-ichi Life Insurance,3.8,2.2k,5.3k,132,35,Insurance,Mumbai +314 other locations,95,22
Bharti AXA Life Insurance,3.6,2.2k,5.2k,147,44,Insurance,Mumbai +243 other locations,170,22
GlaxoSmithKline Pharmaceuticals,4.0,2.2k,5.6k,125,40,Pharma,Bangalore / Bengaluru +217 other locations,112,22
Cisco,4.1,2.2k,18.6k,408,159,Hardware & Networking,Bangalore / Bengaluru +46 other locations,223,22
Daikin Airconditioning India Pvt. Ltd.,4.1,2.2k,7.6k,204,--,Consumer Electronics & Appliances,Neemrana +107 other locations,144,22
SBI General Insurance,3.6,2.2k,6.5k,128,29,Insurance,Mumbai +286 other locations,132,22
Nokia Networks,4.1,2.1k,10.4k,126,--,Hardware & Networking,Chennai +87 other locations,10,22
Coromandel International,4.1,2.1k,7.5k,123,11,Agro Chemicals,Visakhapatnam +182 other locations,217,22
Renault Nissan Technology & Business Centre India,3.8,2.1k,14.5k,151,20,Automobile,Chennai +18 other locations,210,22
Ambuja Cements,3.8,2.1k,6k,161,--,Building Material,Mumbai +257 other locations,211,22
Shahi Exports,3.9,2.1k,6.8k,125,37,Fashion & Textile,Bangalore / Bengaluru +70 other locations,228,22
BNP Paribas,3.7,2.1k,17.8k,209,401,Banking,Mumbai +27 other locations,174,22
Sify Technologies,3.7,2.1k,9.8k,146,39,IT Services & Consulting,Chennai +132 other locations,152,22
Meesho,3.7,2.1k,9.4k,423,126,Internet,Bangalore / Bengaluru +131 other locations,297,22
Newgen Software Technologies,4.0,2.1k,11.5k,201,41,IT Services & Consulting,Noida +32 other locations,147,22
Allstate,3.6,2.1k,12.1k,155,17,Insurance,Pune +15 other locations,186,22
ValueLabs,3.5,2.1k,16k,213,66,IT Services & Consulting,Hyderabad / Secunderabad +20 other locations,266,22
GAO Tek,4.5,2.1k,259,514,--,Electrical Equipment,New York +41 other locations,26,22
Huawei Technologies,4.0,2.1k,8.1k,118,34,Telecom,Bangalore / Bengaluru +105 other locations,288,22
Bank of Baroda,3.5,2.1k,7k,115,--,Banking,Mumbai +299 other locations,150,23
Microsoft Corporation,3.8,2.1k,29.1k,612,--,Software Product,Bangalore / Bengaluru +47 other locations,196,23
Life Insurance Corporation of India,4.4,2.1k,4.5k,96,1,Insurance,New Delhi +470 other locations,242,23
Brakes India,3.9,2.1k,7.1k,103,2,Auto Components,Chennai +100 other locations,212,23
Simplex Infrastructures,3.4,2.1k,4.6k,83,--,Engineering & Construction,Kolkata +138 other locations,286,23
Cargill,3.9,2.1k,8.3k,111,435,Food Processing,Bangalore / Bengaluru +120 other locations,148,23
BHEL,4.2,2.1k,5.2k,135,--,Electrical Equipment,Bangalore / Bengaluru +128 other locations,231,23
CAMS,3.6,2.1k,8.6k,146,22,Financial Services,Chennai +107 other locations,50,23
Spark Minda,3.8,2.1k,7.1k,157,3,Auto Components,Pune +75 other locations,36,23
Generali Central Life Insurance,3.5,2.1k,6.7k,118,24,Insurance,Mumbai +199 other locations,163,23
Pfizer,3.9,2.1k,5.7k,85,42,Pharma,Visakhapatnam +132 other locations,276,23
Poonawalla Fincorp,3.6,2.1k,5.7k,79,19,NBFC,Pune +263 other locations,129,23
upGrad,3.4,2.1k,9.3k,217,67,EdTech,Bangalore / Bengaluru +49 other locations,125,23
Power Mech Projects,3.8,2.1k,6.7k,120,5,Engineering & Construction,Hyderabad / Secunderabad +150 other locations,158,23
FirstCry,3.6,2.1k,8.6k,209,19,Retail,Pune +212 other locations,70,23
Ola Cabs,3.3,2.1k,9.1k,153,13,Internet,Bangalore / Bengaluru +112 other locations,227,23
Force Motors,3.7,2.1k,8.2k,145,3,Automobile,Pune +107 other locations,152,23
Mercedes-Benz Research and Development India,3.6,2.1k,17.6k,207,145,IT Services & Consulting,Bangalore / Bengaluru +52 other locations,195,23
"Maruti Suzuki India Limited, Hansalpur",4.2,2.1k,6.8k,227,--,Automobile,Ahmedabad +103 other locations,113,23
NTT DATA Business Solutions,4.1,2.1k,12.3k,272,29,IT Services & Consulting,Bangalore / Bengaluru +32 other locations,14,23
Bharat Petroleum,4.2,2.1k,6.7k,174,--,Oil & Gas,Mumbai +259 other locations,187,24
Saint-Gobain,3.9,2k,11.4k,203,131,Building Material,Mumbai +103 other locations,243,24
Nuvoco Vistas,4.1,2k,6.9k,123,17,Building Material,Kolkata +196 other locations,127,24
Raymond Lifestyle Limited,4.2,2k,6.5k,113,1,Fashion & Textile,Mumbai +149 other locations,230,24
Reliance Trends,4.1,2k,4.2k,123,--,Retail,Bangalore / Bengaluru +391 other locations,220,24
Jio Platforms,3.4,2k,13.7k,255,--,IT Services & Consulting,Mumbai +103 other locations,62,24
Kotak Securities,3.4,2k,9.5k,143,22,Financial Services,Mumbai +138 other locations,153,24
Renault-Nissan,4.1,2k,7.6k,125,--,Automobile,Chennai +86 other locations,268,24
Manipal Hospitals,4.1,2k,6.8k,137,84,Healthcare,Bangalore / Bengaluru +66 other locations,135,24
ITC Hotels,4.1,2k,5.2k,102,--,Hospitality,New Delhi +94 other locations,199,24
Reliance General Insurance,3.6,2k,7.1k,98,2,Insurance,Mumbai +193 other locations,131,24
Extramarks Education,3.4,2k,7.4k,172,16,EdTech,Noida +111 other locations,142,24
Delphi TVS,3.9,2k,5.6k,100,6,Auto Components,Chennai +60 other locations,192,24
CitiusTech,3.2,2k,14.1k,312,56,IT Services & Consulting,Mumbai +16 other locations,163,24
JK Tyre,3.6,2k,6.8k,139,1,Auto Components,Chennai +141 other locations,189,24
Henry Harvin Education,3.6,2k,908,61,58,EdTech,Noida +33 other locations,63,24
Biological E,4.2,2k,7k,140,39,Pharma,Hyderabad / Secunderabad +71 other locations,221,24
Morgan Stanley,3.6,2k,26k,332,6,Financial Services,Mumbai +19 other locations,151,24
Infinite Computer Solutions,3.3,2k,14.9k,173,216,IT Services & Consulting,Bangalore / Bengaluru +36 other locations,105,24
SGS,3.8,2k,6.3k,125,119,"Testing, Inspection and Certification (TIC)",Mumbai +145 other locations,178,24
State Street Syntel,3.7,2k,7.2k,79,--,Financial Services,Mumbai +21 other locations,281,25
YASH Technologies,3.7,2k,16.2k,170,396,IT Services & Consulting,Hyderabad / Secunderabad +31 other locations,172,25
Senco Gold,4.4,2k,1.5k,633,4,Jewellery,Kolkata +78 other locations,35,25
Ninjacart,3.8,2k,5.1k,103,21,Internet,Bangalore / Bengaluru +111 other locations,137,25
Novartis,4.1,2k,10k,167,176,Pharma,Hyderabad / Secunderabad +75 other locations,226,25
EPAM Systems,3.7,2k,21.7k,615,113,IT Services & Consulting,Hyderabad / Secunderabad +35 other locations,132,25
HSBC Electronic Data Processing,4.0,1.9k,8.7k,87,--,IT Services & Consulting,Bangalore / Bengaluru +19 other locations,20,25
SAP,4.1,1.9k,17.5k,316,213,Software Product,Bangalore / Bengaluru +53 other locations,284,25
Valeo,3.9,1.9k,8k,104,103,Auto Components,Chennai +171 other locations,127,25
L&T Energy Hydrocarbon,3.8,1.9k,8.3k,117,--,Engineering & Construction,Vadodara +88 other locations,201,25
IDBI Bank,3.4,1.9k,6k,81,--,Banking,Mumbai +330 other locations,137,25
K12 Techno Services,3.6,1.9k,5.2k,413,243,EdTech,Bangalore / Bengaluru +43 other locations,61,25
AECOM,4.2,1.9k,7k,149,222,Engineering & Construction,Gurgaon / Gurugram +122 other locations,243,25
Narayana Health,3.9,1.9k,5.9k,91,121,Healthcare,Bangalore / Bengaluru +64 other locations,143,25
Paisabazaar.com,3.4,1.9k,7k,167,39,Internet,Gurgaon / Gurugram +35 other locations,98,25
Aditya Birla Health Insurance Co,3.7,1.9k,7.1k,120,3,Insurance,Mumbai +250 other locations,93,25
Honeywell Automation,3.7,1.9k,11.9k,132,--,Industrial Automation,Pune +78 other locations,159,25
Schindler,3.9,1.9k,6.2k,120,64,Industrial Machinery,Pune +88 other locations,194,25
R.R. Donnelley,3.7,1.9k,10k,128,26,Marketing & Advertising,Chennai +27 other locations,243,25
Shadowfax Technologies,3.5,1.9k,7.5k,164,51,Logistics,Bangalore / Bengaluru +239 other locations,81,25
Uflex,3.8,1.9k,6.6k,127,61,Packaging,Noida +47 other locations,117,26
Motherson Automotive Technologies and Engineering,3.8,1.9k,7.4k,152,31,Auto Components,Chennai +67 other locations,151,26
Trent,3.8,1.9k,4.8k,108,6,Retail,Mumbai +143 other locations,133,26
Philips,3.8,1.9k,10.9k,176,104,Medical Equipment,Bangalore / Bengaluru +96 other locations,180,26
V-Guard Industries,4.3,1.9k,4.5k,116,25,Consumer Electronics & Appliances,Kochi +169 other locations,274,26
Gabriel India Limited,4.1,1.9k,5.8k,132,--,Auto Components,Pune +51 other locations,249,26
Dr Lal PathLabs,4.2,1.9k,4.4k,171,79,Healthcare,New Delhi +201 other locations,192,26
Microland,3.5,1.9k,10.6k,143,602,IT Services & Consulting,Bangalore / Bengaluru +46 other locations,158,26
NCR Corporation,3.5,1.9k,9.2k,143,40,IT Services & Consulting,Hyderabad / Secunderabad +90 other locations,173,26
Haier Appliances India,3.9,1.9k,7k,161,20,Consumer Electronics & Appliances,Pune +156 other locations,165,26
Parle Products,3.9,1.9k,3.8k,114,7,FMCG,Mumbai +244 other locations,201,26
Tekwissen,4.9,1.9k,567,341,29,IT Services & Consulting,Visakhapatnam +5 other locations,3,26
Google,4.4,1.9k,31.3k,1k,604,Software Product,Bangalore / Bengaluru +85 other locations,132,26
CMS Infosystems,3.5,1.9k,4.7k,77,7,Software Product,Mumbai +216 other locations,104,26
Crisil,3.5,1.9k,13.2k,213,660,Analytics & KPO,Mumbai +80 other locations,222,26
Spinny,3.7,1.9k,7.3k,202,47,Internet,Gurgaon / Gurugram +62 other locations,101,26
Lucas-TVS,3.9,1.9k,6k,90,8,Auto Components,Chennai +76 other locations,212,26
Angel One,3.6,1.9k,7.5k,165,30,FinTech,Mumbai +132 other locations,153,26
Globiva,3.0,1.9k,5.2k,137,103,BPO,Gurgaon / Gurugram +28 other locations,83,26
Adecco Group,3.8,1.9k,7.1k,117,--,Recruitment,Bangalore / Bengaluru +180 other locations,137,26
Safexpress,3.9,1.9k,5.7k,127,11,Logistics,New Delhi +158 other locations,148,27
CNH (Case New Holland),3.7,1.9k,5.9k,136,27,Industrial Machinery,Gurgaon / Gurugram +136 other locations,162,27
Tata Tele Business Services,3.6,1.9k,4.4k,53,58,Telecom,Mumbai +135 other locations,274,27
DHL Supply Chain,4.2,1.9k,6.1k,118,15,Logistics,Mumbai +101 other locations,137,27
G R Infraprojects,4.1,1.9k,5.4k,161,35,Engineering & Construction,Gurgaon / Gurugram +155 other locations,158,27
Iris Software,3.8,1.9k,7.8k,206,378,IT Services & Consulting,Noida +24 other locations,245,27
Aadhar Housing Finance,4.0,1.9k,4.9k,117,1,NBFC,Mumbai +324 other locations,99,27
NTPC,4.2,1.9k,4.2k,179,--,Power,New Delhi +121 other locations,176,27
Aye Finance,4.1,1.9k,3.5k,93,29,NBFC,Gurgaon / Gurugram +362 other locations,115,27
Thomson Reuters,3.8,1.9k,10.5k,137,103,Software Product,Bangalore / Bengaluru +26 other locations,226,27
Tata Power,3.9,1.8k,7.2k,213,7,Power,Mumbai +150 other locations,123,27
HTC Global Services,3.4,1.8k,13k,161,15,IT Services & Consulting,Chennai +32 other locations,108,27
Infinx,3.8,1.8k,5.3k,208,27,Software Product,Hyderabad / Secunderabad +36 other locations,72,27
Trident Group,3.3,1.8k,5.3k,136,10,Fashion & Textile,Barnala +58 other locations,122,27
Hindustan Aeronautics,4.3,1.8k,4.4k,85,1,Defence & Aerospace,Bangalore / Bengaluru +64 other locations,173,27
TVS Sundram Fasteners,3.6,1.8k,6.7k,91,--,Auto Components,Chennai +66 other locations,203,27
ICICI Home Finance,3.7,1.8k,5.1k,98,11,Financial Services,Mumbai +218 other locations,87,27
Torrent Power,3.8,1.8k,7.7k,163,45,Power,Ahmedabad +61 other locations,157,27
KENT RO Systems,3.8,1.8k,4.5k,98,5,Consumer Electronics & Appliances,Noida +152 other locations,106,27
PI Industries,3.8,1.8k,6.8k,137,7,Agro Chemicals,Vadodara +105 other locations,162,27
Jindal Saw,4.0,1.8k,6.5k,142,13,Iron & Steel,Mundra +76 other locations,182,28
First American (India),3.6,1.8k,9.4k,99,66,Insurance,Bangalore / Bengaluru +22 other locations,172,28
Aragen Life Sciences,3.9,1.8k,6.4k,126,110,Clinical Research,Hyderabad / Secunderabad +31 other locations,298,28
NeoSOFT,3.4,1.8k,10.7k,297,72,IT Services & Consulting,Mumbai +24 other locations,101,28
Medi Assist India,3.5,1.8k,7.2k,135,85,Insurance,Bangalore / Bengaluru +66 other locations,139,28
CSB Bank,3.2,1.8k,6.8k,107,3,Banking,Mumbai +232 other locations,44,28
Honda Cars,4.3,1.8k,6.3k,112,--,Automobile,Bhiwadi +117 other locations,182,28
Polycab Wires,3.9,1.8k,6.9k,129,15,Electrical Equipment,Vadodara +167 other locations,88,28
Fusion CX,3.3,1.8k,4.4k,141,74,BPO,Kolkata +57 other locations,98,28
AXA Business Services,3.8,1.8k,7.2k,102,13,IT Services & Consulting,Pune +11 other locations,171,28
AkzoNobel,4.1,1.8k,4.3k,141,21,Chemicals,Pune +160 other locations,132,28
Sterling & Wilson,4.0,1.8k,6.7k,83,31,Engineering & Construction,Mumbai +129 other locations,200,28
Verizon,3.6,1.8k,11.5k,130,--,Telecom,Hyderabad / Secunderabad +11 other locations,200,28
Infra.Market,4.0,1.8k,3.7k,275,9,Building Material,Mumbai +128 other locations,35,28
Stellar Migration,1.3,1.8k,--,2,--,Other,Dubai +7 other locations,8,28
Capri Global Capital,3.6,1.8k,4k,73,47,NBFC,New Delhi +326 other locations,37,28
Innovsource Services,3.9,1.8k,4.6k,76,1,Recruitment,Mumbai +247 other locations,125,28
TELUS Digital,3.6,1.8k,9.6k,134,34,IT Services & Consulting,Noida +25 other locations,35,28
Godrej Properties,3.6,1.8k,8.5k,124,1,Real Estate,Mumbai +34 other locations,106,28
MetLife,4.1,1.7k,9.2k,101,47,Insurance,Noida +44 other locations,235,28
Cafe Coffee Day,3.7,1.7k,3.8k,79,8,Hospitality,Bangalore / Bengaluru +104 other locations,179,29
Kalyan Jewellers,4.4,1.7k,1.5k,78,16,Jewellery,Thrissur +155 other locations,57,29
SS&C TECHNOLOGIES,3.3,1.7k,13.4k,197,80,IT Services & Consulting,Mumbai +30 other locations,197,29
Dhani Loans and Services,3.9,1.7k,4.3k,70,21,NBFC,Gurgaon / Gurugram +187 other locations,41,29
DIVI'S Laboratories,3.6,1.7k,6.8k,99,--,Pharma,Visakhapatnam +36 other locations,175,29
Haldiram Foods International Limited,3.8,1.7k,5.9k,154,--,FMCG,Nagpur +164 other locations,99,29
Future Retail,4.4,1.7k,3.8k,57,--,Retail,Mumbai +197 other locations,249,29
Hindustan Petroleum,4.2,1.7k,5.9k,115,--,Oil & Gas,Mumbai +252 other locations,136,29
Tata Communications Transformation Services,3.8,1.7k,8.3k,101,--,Telecom,Pune +95 other locations,170,29
USHA International,4.1,1.7k,4.8k,113,11,Consumer Electronics & Appliances,Gurgaon / Gurugram +147 other locations,162,29
Digit Insurance,3.8,1.7k,5.7k,231,45,Insurance,Bangalore / Bengaluru +87 other locations,101,29
Reckitt Benckiser,4.0,1.7k,6.1k,105,55,FMCG,Gurgaon / Gurugram +136 other locations,174,29
Security and Intelligence Services (India),4.0,1.7k,4.5k,78,39,Law Enforcement & Security,New Delhi +196 other locations,134,29
USV,4.0,1.7k,5.7k,86,32,Pharma,Mumbai +107 other locations,171,29
BT Business,3.9,1.7k,9k,90,--,Telecom,Gurgaon / Gurugram +12 other locations,260,29
HDFC Securities,3.4,1.7k,6k,124,42,Financial Services,Mumbai +185 other locations,137,29
Isgec Heavy Engineering,3.8,1.7k,6.8k,144,49,Engineering & Construction,Noida +91 other locations,133,29
Vedantu,3.3,1.7k,8.7k,197,28,EdTech,Bangalore / Bengaluru +71 other locations,159,29
Bata,3.6,1.7k,4.1k,84,7,Fashion & Textile,Gurgaon / Gurugram +146 other locations,118,29
Pine Labs,3.3,1.7k,7.3k,135,76,FinTech,Noida +118 other locations,116,29
LivSpace,3.3,1.7k,8k,166,98,Architecture & Interior Design,Bangalore / Bengaluru +53 other locations,92,30
Air India,3.4,1.7k,7.5k,200,19,Aviation,New Delhi +64 other locations,152,30
Metro Cash & Carry,4.0,1.7k,4.8k,75,--,Retail,Bangalore / Bengaluru +88 other locations,167,30
Exela Technologies,3.2,1.7k,7.7k,102,119,BPO,Chennai +26 other locations,75,30
NEC,4.0,1.7k,5.5k,79,7,IT Services & Consulting,Noida +54 other locations,78,30
Indian Navy,4.6,1.7k,3.4k,35,--,Defence & Aerospace,Mumbai +75 other locations,244,30
Annapurna Finance,3.9,1.7k,3.7k,84,3,NBFC,Bhubaneswar +392 other locations,126,30
Adani Green Energy,3.9,1.7k,5.8k,152,--,Power,Ahmedabad +114 other locations,79,30
Mother Dairy Fruit & Vegetable,4.0,1.7k,5k,100,--,Food Processing,New Delhi +127 other locations,151,30
BVG India,4.3,1.7k,3.9k,166,94,Facility Management Services,Pune +133 other locations,99,30
Granules India Limited,3.8,1.7k,6.2k,84,9,Pharma,Hyderabad / Secunderabad +22 other locations,159,30
Cavinkare,4.0,1.7k,4.8k,69,10,FMCG,Chennai +172 other locations,142,30
Sysnet Global Technologies,3.7,1.7k,4.1k,142,568,IT Services & Consulting,New Delhi +152 other locations,83,30
Provana,3.9,1.7k,4k,174,38,BPO,Noida +11 other locations,249,30
Orange Business,4.1,1.6k,8.9k,113,4,IT Services & Consulting,Gurgaon / Gurugram +52 other locations,237,30
FactSet,3.7,1.6k,10.4k,229,41,Analytics & KPO,Hyderabad / Secunderabad +17 other locations,185,30
Medanta the Medicity,4.0,1.6k,5k,127,77,Healthcare,Gurgaon / Gurugram +47 other locations,147,30
Caterpillar Inc,4.1,1.6k,10.6k,207,140,Industrial Machinery,Chennai +43 other locations,134,30
Hitachi Astemo,4.1,1.6k,6.2k,135,--,Auto Components,Neemrana +51 other locations,119,30
American Broadcasting Company,4.0,1.6k,33.6k,590,9,Engineering & Construction,Bangalore / Bengaluru +106 other locations,9,30
TTEC India,3.7,1.6k,5.3k,187,15,BPO,Ahmedabad +35 other locations,152,31
Cushman & Wakefield,4.2,1.6k,6.3k,113,191,Real Estate,Gurgaon / Gurugram +44 other locations,129,31
HighRadius,2.6,1.6k,8.7k,208,41,Software Product,Hyderabad / Secunderabad +15 other locations,82,31
Frankfinn Institute of Air Hostess Training,3.8,1.6k,3.2k,122,63,Education & Training,Gurgaon / Gurugram +61 other locations,170,31
Yamaha Motor,4.1,1.6k,5.1k,86,18,Automobile,Chennai +154 other locations,177,31
DHL Express,4.1,1.6k,6.1k,77,--,Logistics,Mumbai +91 other locations,170,31
KONE,4.1,1.6k,5.6k,134,30,Industrial Machinery,Chennai +72 other locations,191,31
JSW Bhushan Power & Steel,4.0,1.6k,5k,75,--,Iron & Steel,Jharsuguda +65 other locations,176,31
Rungta Mines,4.0,1.6k,5.2k,174,--,Metals & Mining,Chaibasa +56 other locations,58,31
L.G.Balakrishnan & Bros,3.5,1.6k,5.7k,81,2,Auto Components,Coimbatore +61 other locations,119,31
Rane (Madras),3.9,1.6k,4.9k,94,17,Auto Components,Chennai +57 other locations,162,31
BA Continuum,3.9,1.6k,10.2k,111,--,IT Services & Consulting,Hyderabad / Secunderabad +18 other locations,289,31
MagicBricks,4.0,1.6k,4.5k,348,42,Internet,Noida +34 other locations,72,31
Johnson & Johnson,4.0,1.6k,5.8k,115,16,Healthcare,Mumbai +170 other locations,186,31
Orchids International School,3.8,1.6k,3.7k,327,20,Education & Training,Bangalore / Bengaluru +33 other locations,53,31
Tata Play,4.0,1.6k,4.7k,89,2,Broadcasting,Mumbai +222 other locations,181,31
Procter & Gamble,4.0,1.6k,5.7k,133,--,FMCG,Mumbai +249 other locations,166,31
Wipro Enterprises Ltd,3.8,1.6k,8k,203,115,FMCG,Bangalore / Bengaluru +121 other locations,434,31
Compass Group Support Services,4.0,1.6k,5.4k,85,53,Facility Management Services,Bangalore / Bengaluru +76 other locations,141,31
Matrimony.com,4.0,1.6k,4.4k,101,38,Internet,Chennai +63 other locations,66,31
CG Power and Industrial Solutions,3.8,1.6k,6.4k,105,5,Electrical Equipment,Bhopal +91 other locations,213,32
Vardhman Fabrics,4.0,1.6k,5.2k,79,13,Fashion & Textile,Baddi +62 other locations,147,32
Chegg,4.1,1.6k,4.1k,167,6,EdTech,New Delhi +77 other locations,87,32
Hero Motors Company,3.9,1.6k,6.1k,96,--,Automobile,Ghaziabad +230 other locations,120,32
Arvind Group,4.0,1.6k,5.3k,78,--,Fashion & Textile,Ahmedabad +91 other locations,296,32
Patanjali Foods,3.8,1.6k,4.3k,100,3,FMCG,Haridwar +232 other locations,108,32
CMA CGM,3.9,1.6k,8.1k,100,9,Ports & Shipping,Chennai +37 other locations,211,32
Suryoday Small Finance Bank,4.0,1.6k,4.5k,96,2,Banking,Mumbai +230 other locations,86,32
Belrise Industries,3.7,1.6k,6.1k,106,12,Auto Components,Pune +58 other locations,97,32
Clover Infotech,3.4,1.6k,11.6k,137,97,IT Services & Consulting,Mumbai +22 other locations,95,32
IIFL SAMASTA,3.7,1.6k,3.1k,81,--,NBFC,Bangalore / Bengaluru +397 other locations,19,32
PharmEasy,3.7,1.6k,6.5k,116,--,Internet,Bangalore / Bengaluru +70 other locations,153,32
HERE Technologies,3.8,1.6k,7.7k,112,13,IT Services & Consulting,Mumbai +19 other locations,285,32
Krishna Maruti,3.8,1.6k,5.1k,128,8,Auto Components,Gurgaon / Gurugram +50 other locations,119,32
Marico,3.8,1.6k,5.4k,102,18,FMCG,Mumbai +182 other locations,162,32
Coronis Ajuba Solutions,3.9,1.6k,5.7k,93,21,BPO,Chennai +31 other locations,140,32
Honda,4.1,1.6k,4k,111,4,Automobile,Gurgaon / Gurugram +227 other locations,204,32
Welspun Living Limited,3.9,1.6k,5k,89,--,Fashion & Textile,Anjar +86 other locations,150,32
Wockhardt,3.8,1.6k,4.1k,64,--,Pharma,Aurangabad +83 other locations,178,32
ReNew,4.3,1.6k,6k,133,60,Power,Gurgaon / Gurugram +105 other locations,96,32
Tata 1mg,3.6,1.6k,6.8k,218,64,Internet,Gurgaon / Gurugram +63 other locations,100,33
Emami,3.8,1.6k,5.1k,104,4,FMCG,Kolkata +174 other locations,131,33
Toyota Kirloskar Motor,4.3,1.6k,4.4k,78,--,Automobile,Bangalore / Bengaluru +90 other locations,164,33
Satin Creditcare Network,3.9,1.6k,3.1k,64,1,NBFC,Gurgaon / Gurugram +324 other locations,129,33
Godrej Industries Group,3.9,1.5k,3k,148,3,Real Estate,Mumbai +148 other locations,155,33
Goldman Sachs,3.3,1.5k,19.6k,410,224,Financial Services,Bangalore / Bengaluru +22 other locations,100,33
Teva Pharmaceuticals,3.9,1.5k,5.6k,117,27,Pharma,Bangalore / Bengaluru +52 other locations,183,33
ZF Commercial Vehicle Control Systems,3.9,1.5k,3.7k,79,--,Auto Components,Chennai +48 other locations,6,33
Dixon Technologies,3.9,1.5k,5.7k,141,2,Electronics Manufacturing,Noida +46 other locations,116,33
Veritas Finance,4.4,1.5k,2.1k,88,--,NBFC,Chennai +298 other locations,36,33
Shriram Life Insurance,3.5,1.5k,4.7k,109,39,Insurance,Hyderabad / Secunderabad +323 other locations,81,33
NielsenIQ,3.5,1.5k,9.5k,225,32,Analytics & KPO,Chennai +54 other locations,57,33
iOPEX Technologies,3.2,1.5k,5.8k,88,38,IT Services & Consulting,Chennai +16 other locations,530,33
KFC,4.0,1.5k,3k,85,--,Hospitality,New Delhi +172 other locations,153,33
Supreme Industries,4.1,1.5k,5.6k,96,--,Petrochemicals,Gwalior +121 other locations,113,33
Mercer,3.6,1.5k,9.8k,96,85,Management Consulting,New Delhi +17 other locations,205,33
Cemindia Projects,4.2,1.5k,2.6k,91,3,Engineering & Construction,Mumbai +87 other locations,137,33
Sanofi,4.0,1.5k,5.6k,97,1,Pharma,Hyderabad / Secunderabad +92 other locations,163,33
Relaxo Footwear,4.0,1.5k,4.6k,108,41,Fashion & Textile,New Delhi +158 other locations,143,33
Bajaj Capital,3.6,1.5k,3.8k,166,94,Financial Services,New Delhi +173 other locations,101,33
Dainik Bhaskar Group,4.2,1.5k,4.4k,78,55,Printing & Publishing,Bhopal +137 other locations,148,34
Marriott International,4.1,1.5k,4.7k,100,1.5k,Hospitality,Bangalore / Bengaluru +90 other locations,184,34
Asahi India Glass,3.8,1.5k,5.1k,109,20,Auto Components,Chennai +87 other locations,129,34
IFB,3.6,1.5k,5.4k,120,--,Consumer Electronics & Appliances,Bangalore / Bengaluru +177 other locations,57,34
Broadridge Financial Solutions,3.8,1.5k,10.7k,161,40,FinTech,Hyderabad / Secunderabad +14 other locations,140,34
Amul India,4.0,1.5k,4.1k,155,2,Food Processing,Ahmedabad +205 other locations,3,34
HCL Infosystems,4.0,1.5k,7.2k,146,3,IT Services & Consulting,Noida +104 other locations,229,34
IndiaFirst Life Insurance,3.8,1.5k,3.9k,81,52,Insurance,Mumbai +243 other locations,102,34
Suguna Foods,4.0,1.5k,4.1k,94,18,Food Processing,Coimbatore +202 other locations,135,34
Urban Company,3.3,1.5k,6.5k,162,73,Internet,Gurgaon / Gurugram +59 other locations,96,34
Nayara Energy,4.2,1.5k,6k,96,1,Oil & Gas,Jamnagar +96 other locations,168,34
Gujarat Fluorochemicals,3.9,1.5k,6.6k,106,6,Chemicals,Bharuch +32 other locations,129,34
Tesco,3.6,1.5k,8.7k,149,7,Retail,Bangalore / Bengaluru +17 other locations,189,34
Muthoot Microfin,4.2,1.5k,2.4k,83,19,NBFC,Kochi +406 other locations,64,34
Kotak Mahindra Prime,3.9,1.5k,5k,68,--,NBFC,Mumbai +171 other locations,62,34
Oracle Cerner,3.4,1.5k,10.1k,169,--,Software Product,Bangalore / Bengaluru +7 other locations,254,34
Hinduja Leyland Finance,4.0,1.5k,2.8k,57,8,NBFC,Chennai +298 other locations,69,34
Bisleri,4.2,1.5k,4.2k,112,13,Beverage,Mumbai +177 other locations,141,34
Patra India,3.6,1.5k,5.9k,119,7,BPO,Visakhapatnam +27 other locations,83,34
Lumax Industries,3.9,1.5k,5.6k,97,11,Auto Components,Gurgaon / Gurugram +41 other locations,125,34
Steel Strips Wheels,3.7,1.5k,5.4k,87,2,Auto Components,Chennai +51 other locations,117,35
Evalueserve,3.1,1.5k,10.1k,140,75,Analytics & KPO,Gurgaon / Gurugram +15 other locations,136,35
SHYAM METALICS AND ENERGY,3.4,1.5k,4.6k,154,9,Metals & Mining,Sambalpur +75 other locations,43,35
XL Dynamics,3.4,1.5k,3.6k,96,4,IT Services & Consulting,Mumbai +32 other locations,193,35
Max Fashion,4.0,1.5k,3.4k,75,7,Retail,Bangalore / Bengaluru +151 other locations,174,35
Karur Vysya Bank,3.5,1.5k,4.6k,106,5,Banking,Chennai +189 other locations,59,35
Ashoka Buildcon,4.1,1.5k,4.2k,80,--,Engineering & Construction,Nashik +155 other locations,125,35
GMR Group,4.0,1.5k,4.6k,103,17,Engineering & Construction,New Delhi +72 other locations,185,35
Piramal Pharma,3.9,1.5k,6.3k,119,47,Pharma,Mumbai +83 other locations,101,35
GE VERNOVA,4.1,1.5k,5.3k,111,181,Power,Bangalore / Bengaluru +83 other locations,4,35
Canara Bank,3.5,1.5k,3.9k,48,4,Banking,Bangalore / Bengaluru +216 other locations,96,35
SAI Life Sciences,3.9,1.4k,5.9k,106,25,Clinical Research,Hyderabad / Secunderabad +26 other locations,130,35
Taurus BPO Services,4.1,1.4k,943,34,1,BPO,Pune +23 other locations,516,35
Honeywell Technology Solutions,3.7,1.4k,11.4k,163,--,Industrial Automation,Bangalore / Bengaluru +18 other locations,204,35
Page Industries,4.1,1.4k,4.8k,70,1,Fashion & Textile,Bangalore / Bengaluru +163 other locations,103,35
QualityKiosk Technologies,3.3,1.4k,11.1k,165,231,IT Services & Consulting,Mumbai +20 other locations,98,35
Tanishq,4.2,1.4k,3.1k,108,--,Jewellery,Kolkata +234 other locations,67,35
Tata Group,4.2,1.4k,5.4k,380,1,IT Services & Consulting,Mumbai +171 other locations,143,35
Tata Consumer Products,3.5,1.4k,5.6k,98,2,FMCG,Bangalore / Bengaluru +220 other locations,77,35
Gland Pharma,4.0,1.4k,5.9k,89,2,Pharma,Hyderabad / Secunderabad +35 other locations,120,35
ISS Facility Services,4.0,1.4k,4.1k,68,18,Facility Management Services,Mumbai +66 other locations,132,36
Oberoi Group of Hotels,4.1,1.4k,3.8k,96,--,Hospitality,New Delhi +38 other locations,226,36
Wheelseye Technology,3.4,1.4k,3.8k,114,19,Internet,Gurgaon / Gurugram +223 other locations,99,36
Aon,3.8,1.4k,6k,84,30,Management Consulting,Gurgaon / Gurugram +24 other locations,203,36
Tata AutoComp Systems,3.8,1.4k,6.6k,114,22,Auto Components,Pune +43 other locations,94,36
Indoco Remedies,3.4,1.4k,5.6k,88,4,Pharma,Mumbai +84 other locations,107,36
Devyani International,3.8,1.4k,3.3k,71,15,Hospitality,New Delhi +136 other locations,114,36
Daimler India Commercial Vehicles,3.9,1.4k,6.6k,72,8,Automobile,Chennai +48 other locations,174,36
Sonata Software,3.4,1.4k,11.1k,134,190,IT Services & Consulting,Bangalore / Bengaluru +16 other locations,80,36
Hyatt Regency,4.0,1.4k,3k,58,10,Hospitality,New Delhi +50 other locations,194,36
Acmegrade,3.9,1.4k,267,67,--,EdTech,Bangalore / Bengaluru +21 other locations,1,36
NIIT,3.5,1.4k,5.9k,107,35,Education & Training,Gurgaon / Gurugram +101 other locations,160,36
Narayana Educational Society,3.5,1.4k,4.1k,66,19,Education & Training,Hyderabad / Secunderabad +144 other locations,118,36
Bharat Forge,3.8,1.4k,6.3k,76,5,Auto Components,Pune +28 other locations,118,36
Agilus Diagnostics,4.1,1.4k,3.3k,84,7,Healthcare,Mumbai +136 other locations,131,36
Airtel Payments Bank,3.8,1.4k,4.9k,108,14,Banking,Gurgaon / Gurugram +326 other locations,108,36
V5 Global Services,3.9,1.4k,3.6k,89,1,Recruitment,New Delhi +214 other locations,72,36
Heritage Foods,4.0,1.4k,3.7k,101,19,Food Processing,Hyderabad / Secunderabad +126 other locations,142,36
Apco Infratech,3.8,1.4k,4.2k,136,42,Engineering & Construction,Lucknow +93 other locations,108,36
Health Care Global Enterprises,4.1,1.4k,2.8k,127,70,Healthcare,Bangalore / Bengaluru +52 other locations,26,36
Amneal Pharmaceuticals,4.2,1.4k,6k,83,37,Pharma,Ahmedabad +43 other locations,136,37
Sony,4.1,1.4k,4.6k,82,6,Consumer Electronics & Appliances,New Delhi +145 other locations,191,37
Acuity Knowledge Partners,3.2,1.4k,11.6k,171,93,Analytics & KPO,Bangalore / Bengaluru +16 other locations,78,37
Happiest Minds Technologies,3.4,1.4k,12.2k,151,341,IT Services & Consulting,Bangalore / Bengaluru +17 other locations,93,37
Apexon,3.3,1.4k,9.3k,175,78,IT Services & Consulting,Bangalore / Bengaluru +21 other locations,41,37
IDC Technologies,3.1,1.4k,6.9k,76,7,IT Services & Consulting,Noida +66 other locations,48,37
AB InBev India,3.3,1.4k,7.7k,114,75,Beverage,Bangalore / Bengaluru +77 other locations,144,37
Tieto,4.2,1.4k,9.5k,103,89,IT Services & Consulting,Pune +14 other locations,114,37
SBFC Finance,3.8,1.4k,2.7k,92,45,NBFC,Mumbai +215 other locations,47,37
PNB Housing Finance,3.8,1.4k,4.5k,52,4,NBFC,New Delhi +168 other locations,86,37
J. Kumar Infraprojects,4.1,1.4k,4.4k,91,--,Engineering & Construction,Mumbai +40 other locations,116,37
CIE Automotive India Limited (Formerly known as Mahindra CIE Automotive Limited),3.6,1.4k,4.8k,88,3,Auto Components,Pune +47 other locations,1,37
Morningstar,3.7,1.4k,9.8k,261,130,Financial Services,Mumbai +18 other locations,120,37
The Muthoot Group,3.6,1.4k,3.8k,84,--,Financial Services,New Delhi +307 other locations,227,37
TCS iON,3.8,1.4k,4k,399,--,IT Services & Consulting,Chennai +114 other locations,176,37
Jaquar,4.1,1.4k,5.1k,81,5,Building Material,Gurgaon / Gurugram +115 other locations,119,37
VLCC,3.3,1.4k,3.3k,53,27,Beauty & Personal Care,New Delhi +111 other locations,95,37
Xiaomi,3.8,1.4k,5.7k,112,10,Consumer Electronics & Appliances,Bangalore / Bengaluru +211 other locations,128,37
Amara Raja Energy & Mobility,4.1,1.4k,4k,106,--,Auto Components,Tirupati +91 other locations,113,37
Unisys,3.5,1.4k,10k,81,22,IT Services & Consulting,Bangalore / Bengaluru +18 other locations,147,37
Vfs Global Services,3.4,1.4k,4.3k,71,14,IT Services & Consulting,Mumbai +32 other locations,120,38
Indegene,3.3,1.4k,9.3k,169,34,Analytics & KPO,Bangalore / Bengaluru +32 other locations,121,38
Altimetrik,3.6,1.4k,11.5k,258,51,IT Services & Consulting,Bangalore / Bengaluru +14 other locations,107,38
Aumovio,3.8,1.4k,9.1k,81,10,Auto Components,Bangalore / Bengaluru +21 other locations,129,38
Sansera Engineering,4.0,1.4k,5.4k,95,20,Auto Components,Bangalore / Bengaluru +28 other locations,110,38
FedEx Express,4.0,1.4k,5k,108,44,Logistics,Mumbai +92 other locations,189,38
Infogain,3.5,1.4k,11k,136,137,IT Services & Consulting,Bangalore / Bengaluru +23 other locations,119,38
Slk Software Services,3.2,1.4k,9.3k,113,258,IT Services & Consulting,Bangalore / Bengaluru +15 other locations,90,38
Faurecia,3.9,1.4k,6.1k,70,5,Auto Components,Pune +28 other locations,181,38
Adobe,3.7,1.4k,12.5k,265,176,Software Product,Bangalore / Bengaluru +21 other locations,150,38
AtkinsRealis,3.7,1.4k,5.8k,106,351,Engineering & Construction,Bangalore / Bengaluru +55 other locations,91,38
Chandigarh University,4.2,1.4k,2.8k,106,104,Education & Training,Chandigarh +48 other locations,50,38
Sheenlac Paints,4.2,1.3k,1.7k,209,2,Chemicals,Chennai +162 other locations,44,38
Oracle Financial Services Software,3.4,1.3k,11k,192,--,Software Product,Bangalore / Bengaluru +21 other locations,183,38
Paytm Payments Bank,3.8,1.3k,5.6k,139,--,Banking,Noida +137 other locations,116,38
Aforeserve,3.4,1.3k,3.6k,89,23,IT Services & Consulting,Mumbai +158 other locations,88,38
DCM Shriram,4.1,1.3k,4.8k,106,4,Chemicals,Bharuch +109 other locations,119,38
Kantar,3.5,1.3k,6.7k,114,7,Analytics & KPO,Bangalore / Bengaluru +44 other locations,77,38
Sharekhan,3.7,1.3k,5.1k,97,64,Financial Services,Mumbai +113 other locations,115,38
Nykaa,3.4,1.3k,6.6k,143,1,Internet,Mumbai +115 other locations,57,38
EOSGlobe,2.9,1.3k,3.8k,91,12,BPO,Mumbai +29 other locations,85,39
Eaton,4.0,1.3k,7.8k,147,4,Electronics Manufacturing,Pune +22 other locations,125,39
DEXIT Global,3.5,1.3k,6k,138,1,IT Services & Consulting,Mumbai +151 other locations,113,39
MedPlus,3.6,1.3k,4.2k,106,33,Retail,Hyderabad / Secunderabad +136 other locations,58,39
Bajaj Housing Finance,3.6,1.3k,5.8k,71,69,NBFC,Pune +168 other locations,59,39
Amity University,3.6,1.3k,5.2k,114,58,Education & Training,Noida +86 other locations,120,39
Fino Payments Bank,3.9,1.3k,4k,63,9,Banking,Mumbai +270 other locations,96,39
Worley,4.1,1.3k,7.2k,137,63,Engineering & Construction,Mumbai +55 other locations,115,39
Big Bazaar,4.3,1.3k,2.2k,46,--,Retail,New Delhi +159 other locations,191,39
JioMart,3.9,1.3k,4.2k,114,--,Retail,Mumbai +297 other locations,76,39
Bharat FIH,3.7,1.3k,5.4k,90,--,Electronics Manufacturing,Chennai +39 other locations,76,39
Fusion Finance,4.0,1.4k,3k,58,3,NBFC,New Delhi +330 other locations,74,39
Collabera Talent Solutions,3.4,1.3k,6.9k,149,13,Recruitment,Bangalore / Bengaluru +43 other locations,109,39
Chetu,3.5,1.3k,7.3k,223,4,Software Product,Noida +14 other locations,102,39
TEKsystems,3.2,1.3k,10.5k,135,27,IT Services & Consulting,Bangalore / Bengaluru +18 other locations,78,39
TÜV SÜD,3.9,1.3k,3.7k,93,106,"Testing, Inspection and Certification (TIC)",Bangalore / Bengaluru +125 other locations,97,39
VOIS,3.8,1.3k,7.7k,176,14,IT Services & Consulting,Pune +21 other locations,13,39
Unichem Laboratories,3.7,1.3k,5.1k,94,15,Pharma,Ghaziabad +77 other locations,123,39
Iffco Tokio General Insurance Co.,3.7,1.3k,3.9k,49,1,Insurance,Gurgaon / Gurugram +274 other locations,113,39
GE,4.1,1.3k,7.4k,112,57,Defence & Aerospace,Bangalore / Bengaluru +76 other locations,178,39
iMerit,3.2,1.3k,5.4k,114,9,IT Services & Consulting,Kolkata +22 other locations,97,40
City Union Bank,3.0,1.3k,5.8k,118,10,Banking,Chennai +188 other locations,60,40
Rashmi Metaliks,3.2,1.3k,4.6k,114,5,Iron & Steel,Kharagpur +43 other locations,63,40
Burger King,3.9,1.3k,3.5k,93,4,Hospitality,New Delhi +109 other locations,135,40
Novo Nordisk,3.6,1.3k,6.3k,96,203,Pharma,Bangalore / Bengaluru +74 other locations,129,40
Sunknowledge Services,3.5,1.3k,3.6k,107,9,BPO,Kolkata +13 other locations,202,40
JSW Cement,4.0,1.3k,4.3k,132,--,Building Material,Mumbai +141 other locations,103,40
FDC,3.7,1.3k,3.7k,68,--,Pharma,Mumbai +126 other locations,84,40
Hindware Limited,3.9,1.3k,4.6k,81,4,Building Material,Hyderabad / Secunderabad +134 other locations,129,40
Incedo,3.0,1.3k,10k,201,12,IT Services & Consulting,Gurgaon / Gurugram +12 other locations,111,40
Aptara,3.1,1.3k,6.3k,76,5,Content Development,Noida +14 other locations,113,40
Spicejet,3.4,1.3k,5.2k,103,2,Aviation,New Delhi +60 other locations,153,40
ManpowerGroup,3.6,1.3k,5k,68,332,Recruitment,Bangalore / Bengaluru +148 other locations,80,40
Bluestock ™,4.5,1.3k,57,385,--,FinTech,Pune +43 other locations,1,40
Labmentix,4.5,1.3k,29,477,--,Bangalore / Bengaluru +30 other locations,,8,40
ZF Steering Gear,3.7,1.3k,7.1k,58,1,Auto Components,Pune +34 other locations,96,40
TE Connectivity,4.1,1.3k,7.2k,99,104,Electronics Manufacturing,Bangalore / Bengaluru +22 other locations,149,40
CreditAccess Grameen,4.0,1.3k,2.5k,52,15,NBFC,Bangalore / Bengaluru +338 other locations,67,40
VIBGYOR Group of Schools,3.4,1.3k,4.2k,96,183,Education & Training,Bangalore / Bengaluru +37 other locations,102,40
Hindustan Construction Company,4.3,1.3k,3.2k,91,5,Engineering & Construction,Mumbai +93 other locations,158,40
Atul,3.9,1.3k,5.2k,97,4,Chemicals,Valsad +64 other locations,113,41
Citco,3.1,1.3k,9k,166,32,Management Consulting,Pune +13 other locations,49,41
The Ramco Cements,4.1,1.3k,4.1k,81,1,Building Material,Chennai +122 other locations,95,41
Shubham Housing Development Finance,3.9,1.3k,3k,51,3,NBFC,New Delhi +155 other locations,75,41
RBL FinServe,3.9,1.3k,3k,66,--,Financial Services,Mumbai +364 other locations,79,41
Cinépolis,3.8,1.3k,2.9k,78,7,Media & Entertainment,New Delhi +59 other locations,150,41
Brillio,3.4,1.3k,10.3k,141,14,IT Services & Consulting,Bangalore / Bengaluru +14 other locations,76,41
Fabindia,3.8,1.3k,4k,60,7,Retail,New Delhi +83 other locations,120,41
Punjab National Bank,3.8,1.3k,2.9k,58,--,Banking,New Delhi +216 other locations,95,41
Pantaloons,4.1,1.3k,2.9k,69,--,Retail,Mumbai +154 other locations,133,41
Nippon Paint India,4.0,1.3k,4k,77,--,Chemicals,Chennai +163 other locations,84,41
Mondelez International,4.1,1.3k,4.6k,74,56,Food Processing,Mumbai +195 other locations,128,41
AGS Transact Technologies,2.8,1.3k,3.9k,43,--,FinTech,Mumbai +122 other locations,128,41
Hatsun Agro Product,3.7,1.3k,4.6k,79,10,Food Processing,Chennai +126 other locations,104,41
GEP Worldwide,3.6,1.3k,9.1k,151,8,IT Services & Consulting,Mumbai +17 other locations,126,41
Sigma Electric Manufacturing Corporation,4.0,1.3k,2.9k,78,10,Industrial Machinery,Pune +22 other locations,206,41
CenturyPly,3.8,1.3k,4.2k,91,50,Furniture & Furnishing,Kolkata +140 other locations,57,41
OM Logistics,3.9,1.3k,3.6k,90,6,Logistics,New Delhi +122 other locations,102,41
Luminous Power Technologies,4.1,1.3k,3.9k,95,34,Consumer Electronics & Appliances,Gurgaon / Gurugram +135 other locations,123,41
Grant Thornton,3.4,1.3k,11.1k,116,240,Accounting & Auditing,Bangalore / Bengaluru +59 other locations,82,41
INDIUM,4.0,1.3k,6.8k,231,101,IT Services & Consulting,Chennai +13 other locations,48,42
Panasonic,4.0,1.3k,4.8k,49,17,Consumer Electronics & Appliances,Gurgaon / Gurugram +125 other locations,148,42
Baroda Global Shared Services,3.8,1.3k,2.9k,120,33,BPO,Gandhinagar +177 other locations,28,42
More Supermarket,3.7,1.3k,3.8k,89,64,Retail,Bangalore / Bengaluru +159 other locations,56,42
Decathlon,3.7,1.2k,4.2k,118,4,Retail,Bangalore / Bengaluru +70 other locations,116,42
Aerial Telecom Solutions,4.0,1.2k,2.1k,117,15,Telecom,Mohali +109 other locations,35,42
Dell EMC,3.8,1.2k,8.8k,73,--,IT Services & Consulting,Bangalore / Bengaluru +53 other locations,192,42
ECIL,4.2,1.2k,3.1k,58,--,Electronics Manufacturing,Hyderabad / Secunderabad +56 other locations,105,42
Vestas,4.1,1.2k,5.2k,97,9,Power,Chennai +50 other locations,134,42
Automotive Manufacturers,3.9,1.2k,5.1k,100,38,Automobile,Hyderabad / Secunderabad +148 other locations,76,42
Jakson Group,4.1,1.2k,3.8k,102,25,Power,Noida +100 other locations,98,42
Jindal X,3.6,1.2k,2.8k,113,1,BPO,New Delhi +22 other locations,155,42
R Systems International,3.4,1.2k,7.4k,141,28,IT Services & Consulting,Noida +22 other locations,102,42
OpenText Technologies,3.4,1.2k,11.7k,194,15,Software Product,Bangalore / Bengaluru +14 other locations,87,42
Ion Exchange India,3.7,1.2k,5k,92,27,Waste Management,Mumbai +124 other locations,87,42
Tenneco,3.6,1.2k,5.1k,68,9,Auto Components,Pune +44 other locations,114,42
Troikaa Pharmaceuticals,4.1,1.2k,3.7k,113,9,Pharma,Ahmedabad +104 other locations,79,42
Samsung Research,3.1,1.2k,9.5k,149,1,IT Services & Consulting,Bangalore / Bengaluru +19 other locations,140,42
Centre for Development of Advanced Computing,3.7,1.2k,6.7k,122,--,IT Services & Consulting,Pune +41 other locations,59,42
ICICI Prudential Mutual Fund,3.9,1.2k,5.5k,86,--,Financial Services,Mumbai +167 other locations,84,42
SKF,4.0,1.2k,4.5k,72,71,Auto Components,Pune +69 other locations,148,43
Astral Pipe,4.0,1.2k,4k,91,64,Building Material,Ahmedabad +142 other locations,31,43
Viraj Profiles,3.9,1.2k,4.4k,96,6,Iron & Steel,Mumbai +28 other locations,146,43
ANZ Banking Group,3.8,1.2k,8.1k,106,6,Banking,Bangalore / Bengaluru +18 other locations,102,43
Rupeek,4.1,1.2k,3.3k,131,27,FinTech,Bangalore / Bengaluru +57 other locations,55,43
Globant,3.4,1.2k,9.9k,201,61,IT Services & Consulting,Pune +16 other locations,100,43
Fresenius Kabi,4.0,1.2k,4k,52,28,Pharma,Pune +64 other locations,116,43
Godrej Consumer Products,4.0,1.2k,4.7k,60,--,FMCG,Mumbai +149 other locations,118,43
Oil And Natural Gas Corporation,4.4,1.2k,3k,80,--,Oil & Gas,Mumbai +83 other locations,137,43
PNC Infratech,3.8,1.2k,3.5k,82,--,Engineering & Construction,Agra +93 other locations,78,43
SK Finance Limited,3.8,1.2k,3.3k,85,--,NBFC,Jaipur +265 other locations,13,43
NetAmbit,4.0,1.2k,3k,155,6,BPO,Noida +145 other locations,34,43
Synchrony,4.3,1.2k,5.4k,90,15,Financial Services,Hyderabad / Secunderabad +9 other locations,197,43
Intertek,3.7,1.2k,3.9k,82,63,"Testing, Inspection and Certification (TIC)",New Delhi +113 other locations,113,43
iSON Xperiences,3.2,1.2k,3.3k,78,9,BPO,Chennai +43 other locations,90,43
T-Systems ICT India,3.8,1.2k,8.5k,105,8,IT Services & Consulting,Pune +16 other locations,90,43
Shriram Pistons & Rings,4.1,1.2k,4.5k,74,1,Auto Components,Bhiwadi +61 other locations,133,43
Mu Sigma,2.5,1.2k,6.7k,248,--,Analytics & KPO,Bangalore / Bengaluru +16 other locations,120,43
mPokket,4.4,1.2k,1.5k,244,10,NBFC,Kolkata +20 other locations,12,43
Aarvee Associates,3.7,1.2k,3.4k,95,--,Engineering & Construction,Hyderabad / Secunderabad +167 other locations,102,43
AIIMS,4.1,1.2k,4.5k,66,--,Education & Training,New Delhi +73 other locations,66,44
Zoho,4.2,1.2k,9.3k,579,--,Software Product,Chennai +35 other locations,101,44
Best Sellers,4.1,1.2k,2.9k,32,3,Retail,Mumbai +92 other locations,130,44
Spandana Sphoorty Financial,3.7,1.2k,2.3k,49,3,NBFC,Hyderabad / Secunderabad +347 other locations,80,44
Apex Group,2.7,1.2k,7.7k,178,285,Financial Services,Pune +28 other locations,30,44
H.G. Infra Engineering,4.0,1.2k,3.1k,107,8,Engineering & Construction,Jaipur +99 other locations,87,44
Wind World,4.0,1.2k,3.2k,87,5,Power,Jaisalmer +82 other locations,120,44
Qualcomm,3.7,1.2k,14.2k,291,487,Semiconductors,Hyderabad / Secunderabad +18 other locations,133,44
Prodapt,3.5,1.2k,9.4k,116,109,IT Services & Consulting,Chennai +16 other locations,73,44
Kalpataru Limited,4.2,1.2k,4.3k,239,14,Real Estate,Mumbai +82 other locations,78,44
DENSO,4.1,1.2k,3.7k,83,1,Auto Components,Gurgaon / Gurugram +39 other locations,174,44
Dassault Systemes,3.8,1.2k,6.9k,184,--,Software Product,Pune +12 other locations,134,44
Parexel International,3.8,1.2k,5.9k,87,11,Clinical Research,Hyderabad / Secunderabad +25 other locations,124,44
EbixCash Limited,3.7,1.2k,5.1k,110,6,Software Product,Noida +85 other locations,73,44
FOCUS EDUMATICS,2.9,1.2k,3k,126,--,EdTech,Coimbatore +35 other locations,39,44
Leadec India,4.1,1.2k,3.5k,151,10,Facility Management Services,Pune +79 other locations,86,44
KIMS Hospital,3.9,1.2k,3.5k,61,15,Healthcare,Hyderabad / Secunderabad +59 other locations,78,44
Fidelity National Financial,3.8,1.2k,6.2k,60,7,Financial Services,Bangalore / Bengaluru +15 other locations,151,44
PHN Technology,4.3,1.2k,354,37,2,EdTech,Pune +32 other locations,2,44
Rockman Industries,3.9,1.2k,3.8k,92,13,Auto Components,Haridwar +40 other locations,98,44
Royal Migration Solutions,4.9,1.2k,5,1,--,Other,Dubai +12 other locations,1,45
Kirloskar Oil Engines,4.1,1.2k,4k,62,16,Industrial Machinery,Pune +105 other locations,97,45
Fidelity Investments,4.1,1.2k,7.9k,123,1,Financial Services,Bangalore / Bengaluru +19 other locations,160,45
Intel,4.1,1.2k,8.9k,238,35,Semiconductors,Bangalore / Bengaluru +36 other locations,91,45
JK Lakshmi Cement,3.7,1.2k,3.7k,76,1,Building Material,New Delhi +140 other locations,95,45
Diageo,3.8,1.2k,6.2k,90,59,Beverage,Bangalore / Bengaluru +97 other locations,101,45
DLF,3.9,1.2k,4.6k,95,7,Real Estate,Gurgaon / Gurugram +35 other locations,71,45
Colliers India,3.9,1.2k,4.8k,89,122,Real Estate,Bangalore / Bengaluru +46 other locations,76,45
Ahluwalia Contracts India,4.0,1.2k,3.4k,73,23,Engineering & Construction,New Delhi +58 other locations,68,45
Barclays Shared Services,3.8,1.2k,4.8k,37,798,Financial Services,Chennai +16 other locations,178,45
ExcelR,3.7,1.2k,1k,107,43,Education & Training,Bangalore / Bengaluru +24 other locations,3,45
JTEKT,4.1,1.2k,4.3k,90,--,Auto Components,Gurgaon / Gurugram +29 other locations,88,45
The Jaypee Group,3.8,1.2k,3.3k,50,4,Engineering & Construction,Noida +106 other locations,113,45
Baazar Retail Private Limited,4.5,1.1k,1.5k,83,--,Retail,Kolkata +107 other locations,16,45
Xyz Company,3.8,1.1k,43.6k,523,--,Financial Services,Bangalore / Bengaluru +95 other locations,63,45
ACG Worldwide,3.8,1.1k,3.9k,83,31,Pharma,Mumbai +30 other locations,43,45
Thyrocare Technologies,3.8,1.1k,4.3k,86,2,Healthcare,Mumbai +75 other locations,92,45
DP World,3.8,1.1k,4.7k,92,104,Logistics,Mumbai +83 other locations,62,45
Indostar Capital Finance Limited,4.4,1.1k,2k,188,--,NBFC,Mumbai +322 other locations,30,45
Ocwen Financial Solutions,3.9,1.1k,4.4k,51,9,Financial Services,Bangalore / Bengaluru +9 other locations,168,45
DISH TV,3.4,1.1k,3.4k,75,28,Broadcasting,Noida +153 other locations,102,46
Coca-Cola Company,4.0,1.1k,3.2k,100,10,Beverage,Bangalore / Bengaluru +204 other locations,102,46
Edelweiss,3.7,1.1k,5.7k,62,--,Financial Services,Mumbai +113 other locations,132,46
Electronica Finance,4.1,1.1k,2.8k,138,18,NBFC,Pune +170 other locations,30,46
Salesforce,3.9,1.1k,12.7k,247,188,Software Product,Hyderabad / Secunderabad +40 other locations,104,46
Podar International School,4.1,1.1k,3.2k,80,1,Education & Training,Mumbai +124 other locations,112,46
Nilkamal,3.7,1.1k,3.6k,79,11,Furniture & Furnishing,Mumbai +112 other locations,94,46
PayPal,3.8,1.1k,9.5k,236,--,FinTech,Bangalore / Bengaluru +15 other locations,120,46
Johnson Lifts,3.9,1.1k,3.7k,48,7,Industrial Machinery,Chennai +75 other locations,92,46
Innova Solutions,3.3,1.1k,7.8k,98,58,IT Services & Consulting,Hyderabad / Secunderabad +37 other locations,18,46
Apollo Health and Lifestyle Limited,4.3,1.1k,3.3k,118,33,Healthcare,Hyderabad / Secunderabad +93 other locations,68,46
Bajaj Motors,3.9,1.1k,3.3k,68,--,Auto Components,Gurgaon / Gurugram +89 other locations,109,46
MDIndia Health Insurance TPA,3.6,1.1k,3.7k,69,49,Insurance,Pune +94 other locations,84,46
Aparna Constructions and Estates,3.9,1.1k,3.9k,112,47,Real Estate,Hyderabad / Secunderabad +21 other locations,94,46
HFCL Limited,3.7,1.1k,4.1k,81,17,Telecom,Hyderabad / Secunderabad +111 other locations,88,46
Meril,3.6,1.1k,4.8k,83,48,Medical Equipment,Vapi +80 other locations,72,46
CaratLane - A Tata Product,4.0,1.1k,2.9k,67,90,Jewellery,Chennai +86 other locations,78,46
Nielsen,3.4,1.1k,6.4k,152,2,Analytics & KPO,Bangalore / Bengaluru +74 other locations,128,46
Dhoot Transmission,3.7,1.1k,3.9k,66,8,Auto Components,Aurangabad +42 other locations,107,46
Birla Corporation,4.1,1.1k,3.6k,70,--,Building Material,Kolkata +143 other locations,83,46
Schaeffler India,4.0,1.1k,5.4k,64,16,Auto Components,Vadodara +27 other locations,106,47
Zetwerk,4.0,1.1k,3.9k,112,18,Industrial Machinery,Bangalore / Bengaluru +118 other locations,54,47
Biocon Biologics,3.7,1.1k,6.5k,107,1,Biotechnology,Bangalore / Bengaluru +27 other locations,351,47
Sri Chaitanya Techno Schools,3.4,1.1k,3.3k,72,1,Education & Training,Bangalore / Bengaluru +163 other locations,1,47
Strides Pharma,3.9,1.1k,4.2k,75,--,Pharma,Bangalore / Bengaluru +34 other locations,142,47
Federal Bank,3.6,1.1k,5.5k,119,--,Banking,Mumbai +150 other locations,71,47
Indira IVF Hospital,4.0,1.1k,2.9k,76,77,Healthcare,Mumbai +105 other locations,74,47
Prism Johnson,3.7,1.1k,4.4k,66,--,Building Material,Mumbai +142 other locations,62,47
Edelweiss Life Insurance,3.7,1.1k,3.7k,58,40,Insurance,Mumbai +123 other locations,93,47
Piaggio,3.6,1.1k,3.8k,72,--,Automobile,Pune +82 other locations,123,47
London Stock Exchange Group,3.7,1.1k,10.5k,152,26,Financial Services,Bangalore / Bengaluru +11 other locations,52,47
Wistron,4.0,1.1k,5.2k,93,--,Electronics Manufacturing,Bangalore / Bengaluru +22 other locations,131,47
Barbeque Nation,3.9,1.1k,2.6k,48,12,Hospitality,Bangalore / Bengaluru +83 other locations,118,47
INDO-MIM,4.0,1.1k,4.2k,74,10,Metals & Mining,Bangalore / Bengaluru +34 other locations,114,47
Imperial Auto Industries,3.8,1.1k,4.7k,76,4,Auto Components,Faridabad +38 other locations,66,47
Jacobs Engineering Group,4.1,1.1k,5k,88,22,Engineering & Construction,Mumbai +42 other locations,92,47
ICON Plc,4.0,1.1k,4.3k,135,101,Clinical Research,Chennai +27 other locations,54,47
NxtWave,3.4,1.1k,2.9k,247,219,EdTech,Hyderabad / Secunderabad +52 other locations,13,47
Deccan Fine Chemicals,3.6,1.1k,5k,103,7,Agro Chemicals,Tuni +31 other locations,60,47
VMware Software,4.4,1.1k,9.1k,145,13,Software Product,Bangalore / Bengaluru +18 other locations,129,47
Motilal Oswal Home Finance,4.3,1.1k,1.3k,125,--,NBFC,Mumbai +127 other locations,22,48
Aptiv,3.4,1.1k,7.9k,123,17,Auto Components,Bangalore / Bengaluru +26 other locations,47,48
Saipem,4.2,1.1k,3.3k,53,7,Engineering & Construction,Chennai +41 other locations,147,48
Sundaram Finance,4.0,1.1k,2.9k,44,23,NBFC,Chennai +247 other locations,87,48
Hyundai Mobis,3.7,1.1k,5.1k,79,10,Auto Components,Chennai +47 other locations,124,48
Advantmed,4.2,1.1k,2.6k,169,36,Healthcare,Ahmedabad +15 other locations,54,48
Onward Technologies Inc,2.9,1.1k,6k,88,28,IT Services & Consulting,Pune +63 other locations,42,48
Jabil Circuit India,4.0,1.1k,4.2k,65,74,Electronics Manufacturing,Pune +30 other locations,87,48
Balkrishna Industries,4.0,1.1k,4.1k,64,--,Auto Components,Bhuj +31 other locations,48,48
Kohler,3.7,1.1k,4.8k,76,13,Building Material,Pune +51 other locations,75,48
Wonder Home Finance,4.6,1.1k,718,186,1,NBFC,Jaipur +117 other locations,9,48
Navitasys India,4.1,1.1k,2.7k,142,--,Electronics Manufacturing,Bawal +25 other locations,54,48
V2 Retail,3.4,1.1k,2.5k,82,54,Retail,New Delhi +126 other locations,83,48
Zydus Wellness,4.1,1.1k,2.8k,104,25,FMCG,Ahmedabad +128 other locations,71,48
Jet Airways,4.6,1.1k,1.9k,24,--,Aviation,Mumbai +45 other locations,180,48
Unicharm,4.0,1.1k,3k,65,--,FMCG,Gurgaon / Gurugram +187 other locations,104,48
TK Elevator,3.8,1.1k,4.2k,64,15,Industrial Machinery,Pune +79 other locations,96,48
Asirvad Microfinance,3.8,1.1k,2.2k,43,10,NBFC,Chennai +308 other locations,60,48
Stanza Living,3.0,1.1k,3.5k,89,12,Internet,Bangalore / Bengaluru +36 other locations,58,48
Syngenta,4.2,1.1k,3.6k,77,39,Agriculture,Pune +173 other locations,92,48
Kirloskar Brothers,3.8,1.1k,4.3k,88,20,Industrial Machinery,Pune +74 other locations,96,49
Hikal,3.8,1.1k,4.6k,76,51,Pharma,Bangalore / Bengaluru +22 other locations,86,49
Sri Chaitanya Educational Institutions,3.7,1.1k,3k,49,2,Education & Training,Hyderabad / Secunderabad +102 other locations,66,49
Adani Ports and SEZ,3.6,1.1k,4k,75,--,Ports & Shipping,Mundra +61 other locations,123,49
Nexa,3.9,1.1k,2.4k,41,--,Automobile,New Delhi +212 other locations,103,49
Tube Investments of India,3.8,1.1k,3.5k,69,17,Engineering & Construction,Chennai +63 other locations,53,49
GAIL,4.4,1.1k,3.2k,80,--,Oil & Gas,New Delhi +102 other locations,88,49
CALIBEHR,3.9,1.1k,2.7k,65,8,IT Services & Consulting,Mumbai +182 other locations,62,49
Air India Sats Airport Services,3.5,1.1k,2.4k,64,2,Aviation,New Delhi +48 other locations,67,49
Incheon Motors,4.7,1.1k,326,283,5,Automobile,Thrissur +15 other locations,7,49
MAHLE ANAND Filter Systems,4.0,1.1k,3.4k,37,--,Auto Components,Pune +38 other locations,109,49
Godrej Agrovet,3.9,1.1k,3.3k,62,3,Agriculture,Mumbai +144 other locations,77,49
Vedanta Aluminium,3.8,1k,4.5k,64,--,Metals & Mining,Jharsuguda +45 other locations,109,49
Siemens Gamesa Renewable Power Private Limited,4.0,1k,4.9k,60,100,Power,Bangalore / Bengaluru +68 other locations,102,49
MG Motor,3.8,1k,4.6k,77,2,Automobile,Vadodara +99 other locations,72,49
Klm Axiva Finvest,4.4,1k,751,437,7,NBFC,Bangalore / Bengaluru +158 other locations,6,49
HPCL-Mittal Energy Limited,4.3,1k,4.6k,45,--,Petrochemicals,Bathinda +30 other locations,107,49
Gmmco,4.0,1k,2.9k,52,9,Industrial Machinery,Chennai +89 other locations,110,49
Metropolis Healthcare,3.9,1k,3.5k,64,--,Healthcare,Mumbai +101 other locations,72,49
Hire In Global,4.9,1k,8,232,--,Recruitment,Mumbai +54 other locations,2,49
Bajaj Capital Insurance Broking Limited,4.4,1k,1.2k,227,--,Insurance,New Delhi +139 other locations,41,50
1point1 Solutions,3.3,1k,3.1k,83,79,BPO,Bangalore / Bengaluru +18 other locations,85,50
Svatantra Microfin,3.9,1k,2.1k,43,2,NBFC,Mumbai +323 other locations,74,50
Pernod Ricard,3.5,1k,4.5k,59,9,Beverage,Gurgaon / Gurugram +119 other locations,109,50
Zf Rane Automotive,3.9,1k,3.9k,65,--,Auto Components,Chennai +50 other locations,133,50
Nippon Life India Asset Management,4.6,1k,1.5k,158,107,Financial Services,Mumbai +188 other locations,21,50
Power Grid Corporation of India,4.3,1k,2k,73,--,Power,Gurgaon / Gurugram +233 other locations,76,50
Spencer's Retail,3.8,1k,2.8k,63,2,Retail,Kolkata +63 other locations,94,50
Knorr-Bremse,3.3,1k,4.9k,68,1,Auto Components,Pune +30 other locations,110,50
TKIL,4.2,1k,4.4k,73,4,Industrial Machinery,Pune +61 other locations,91,50
Aarvi Encon,3.9,1k,2.9k,79,--,Recruitment,Mumbai +128 other locations,66,50
Kinara Capital,4.2,1k,2.2k,93,33,NBFC,Bangalore / Bengaluru +112 other locations,149,50
TÜV NORD,3.7,1k,4k,77,33,"Testing, Inspection and Certification (TIC)",Pune +83 other locations,63,50
Dana Anand,4.0,1k,2.9k,52,--,Auto Components,Pune +47 other locations,125,50
Bharat Sanchar Nigam,3.9,1k,2.5k,47,--,Telecom,Bangalore / Bengaluru +239 other locations,101,50
Thermo Fisher Scientific,3.7,1k,6.4k,104,151,Biotechnology,Bangalore / Bengaluru +35 other locations,92,50
GlobalData,3.4,1k,5.7k,92,81,Analytics & KPO,Hyderabad / Secunderabad +22 other locations,101,50
Hindustan Zinc,3.8,1k,4.3k,54,--,Metals & Mining,Udaipur +36 other locations,103,50
Northcorp Software,4.8,1k,214,810,4,IT Services & Consulting,Gurgaon / Gurugram +7 other locations,54,50
Aspire Systems,3.8,1k,9.6k,125,30,IT Services & Consulting,Chennai +23 other locations,84,50
